,model_key,alpha,temperature,seed,iter,loss_train,loss_val,Expert Utilization,Load Imbalance Ratio,Routing Concentration,Expert Load Variation,Routing Probability CV
153,alpha_2.0_temp_0.5,2,0.5,42,0,4.25734,4.2578273,1,1.411891163,0.753980324,0.22996168,0.300414902
154,alpha_2.0_temp_0.5,2,0.5,42,100,2.4466279,2.4615693,1,1.919873098,0.952751705,0.516408927,0.558584654
155,alpha_2.0_temp_0.5,2,0.5,42,200,2.232591,2.2703712,1,2.056026988,0.954216617,0.55075786,0.597263599
156,alpha_2.0_temp_0.5,2,0.5,42,300,1.9870514,2.072639,0.999833333,2.069063272,0.960346625,0.56016143,0.585925259
157,alpha_2.0_temp_0.5,2,0.5,42,400,1.7935597,1.9207417,0.999333333,2.0387864,0.962580771,0.55306774,0.577268754
158,alpha_2.0_temp_0.5,2,0.5,42,500,1.655073,1.8262732,0.99925,2.071404587,0.961990735,0.569873025,0.585470344
159,alpha_2.0_temp_0.5,2,0.5,42,600,1.5661812,1.7467818,0.9995,2.052850578,0.959662324,0.567612288,0.579039278
160,alpha_2.0_temp_0.5,2,0.5,42,700,1.5011084,1.6888722,1,2.06957779,0.956981589,0.571902422,0.580047922
161,alpha_2.0_temp_0.5,2,0.5,42,800,1.4492574,1.6423631,1,2.07611132,0.954189646,0.575371649,0.58112917
162,alpha_2.0_temp_0.5,2,0.5,42,900,1.4117051,1.6121168,1,2.089832983,0.950240806,0.581023609,0.585528467
163,alpha_2.0_temp_0.5,2,0.5,42,1000,1.3832917,1.5925053,1,2.088497346,0.946256954,0.585345356,0.59189656
164,alpha_2.0_temp_0.5,2,0.5,42,1100,1.3538104,1.571536,1,2.079120367,0.943406518,0.583463951,0.58318322
165,alpha_2.0_temp_0.5,2,0.5,42,1200,1.3294072,1.5499264,1,2.075181807,0.939041657,0.586241086,0.589314235
166,alpha_2.0_temp_0.5,2,0.5,42,1300,1.3100356,1.5409117,1,2.07130039,0.93359881,0.586642321,0.586990438
167,alpha_2.0_temp_0.5,2,0.5,42,1400,1.2951648,1.5297037,1,2.0610123,0.931859691,0.589698,0.59130205
168,alpha_2.0_temp_0.5,2,0.5,42,1500,1.2771871,1.5172026,1,2.078575506,0.927258134,0.59203808,0.593338306
169,alpha_2.0_temp_0.5,2,0.5,42,1600,1.26122,1.5099739,1,2.063213412,0.925127241,0.593726318,0.594971434
170,alpha_2.0_temp_0.5,2,0.5,42,1700,1.2485822,1.5108548,1,2.084150077,0.921307234,0.595320062,0.60018908
171,alpha_2.0_temp_0.5,2,0.5,42,1800,1.2334509,1.5037891,1,2.07556117,0.919844753,0.5940722,0.600646816
172,alpha_2.0_temp_0.5,2,0.5,42,1900,1.223056,1.4992536,1,2.067468753,0.918123393,0.594704693,0.597214554
173,alpha_2.0_temp_0.5,2,0.5,42,2000,1.20971,1.4957427,1,2.085361786,0.918939901,0.594028313,0.59765872
174,alpha_2.0_temp_0.5,2,0.5,42,2100,1.199376,1.493475,1,2.079913508,0.917097334,0.594086474,0.604323732
175,alpha_2.0_temp_0.5,2,0.5,42,2200,1.1893481,1.4855207,1,2.086177324,0.916175067,0.59762579,0.60807956
176,alpha_2.0_temp_0.5,2,0.5,42,2300,1.1762656,1.4868052,1,2.088400272,0.916514111,0.601242079,0.607248984
177,alpha_2.0_temp_0.5,2,0.5,42,2400,1.1654781,1.4890752,1,2.075833909,0.91310055,0.596542546,0.599670393
178,alpha_2.0_temp_0.5,2,0.5,42,2500,1.156677,1.4924489,1,2.072423186,0.910721791,0.596684397,0.601146191
179,alpha_2.0_temp_0.5,2,0.5,42,2600,1.1489072,1.4923736,1,2.067109498,0.911526223,0.598204272,0.606040621
180,alpha_2.0_temp_0.5,2,0.5,42,2700,1.1367588,1.4900016,1,2.09237238,0.909153547,0.600083466,0.602288217
181,alpha_2.0_temp_0.5,2,0.5,42,2800,1.1275463,1.4905558,1,2.092581135,0.908407936,0.602587356,0.599711767
182,alpha_2.0_temp_0.5,2,0.5,42,2900,1.1183373,1.4955608,1,2.091750547,0.906920478,0.602563387,0.606065242
183,alpha_2.0_temp_0.5,2,0.5,42,3000,1.1087607,1.492491,1,2.085530195,0.906010794,0.602315034,0.606650942
184,alpha_2.0_temp_0.5,2,0.5,42,3100,1.1005776,1.4920676,1,2.091833067,0.903403444,0.604678474,0.610516454
185,alpha_2.0_temp_0.5,2,0.5,42,3200,1.0900364,1.4917319,1,2.094459873,0.902962591,0.601949898,0.612988425
186,alpha_2.0_temp_0.5,2,0.5,42,3300,1.0821086,1.5043764,1,2.098051597,0.902256704,0.601944917,0.611603963
187,alpha_2.0_temp_0.5,2,0.5,42,3400,1.0731404,1.4994643,1,2.107116519,0.901610548,0.607629339,0.612900567
188,alpha_2.0_temp_0.5,2,0.5,42,3500,1.0662998,1.5070461,1,2.099427799,0.900371172,0.602711851,0.604976039
189,alpha_2.0_temp_0.5,2,0.5,42,3600,1.0546294,1.5061425,1,2.096404659,0.900343884,0.603449412,0.613327127
190,alpha_2.0_temp_0.5,2,0.5,42,3700,1.0471189,1.5120822,1,2.107364897,0.900192869,0.606707644,0.616123481
191,alpha_2.0_temp_0.5,2,0.5,42,3800,1.0382502,1.5224328,1,2.108605852,0.899583414,0.606176206,0.620959298
192,alpha_2.0_temp_0.5,2,0.5,42,3900,1.0282507,1.5211223,1,2.1265092,0.898049819,0.607405947,0.620484972
193,alpha_2.0_temp_0.5,2,0.5,42,4000,1.0212939,1.5247624,1,2.121095794,0.8961859,0.605587203,0.619284429
194,alpha_2.0_temp_0.5,2,0.5,42,4100,1.0111234,1.5255675,1,2.122314131,0.895646623,0.607384355,0.61500564
195,alpha_2.0_temp_0.5,2,0.5,42,4200,1.0034698,1.5341755,1,2.116354501,0.894982826,0.604554747,0.611002881
196,alpha_2.0_temp_0.5,2,0.5,42,4300,0.9954769,1.5336709,1,2.119674285,0.895674486,0.606985415,0.615412147
197,alpha_2.0_temp_0.5,2,0.5,42,4400,0.98388344,1.5404654,1,2.120344855,0.895086378,0.606577734,0.611892484
198,alpha_2.0_temp_0.5,2,0.5,42,4500,0.9783495,1.5497019,1,2.122269339,0.895568288,0.607824126,0.619664181
199,alpha_2.0_temp_0.5,2,0.5,42,4600,0.9674082,1.5645237,1,2.118857192,0.893876038,0.608528422,0.625384307
200,alpha_2.0_temp_0.5,2,0.5,42,4700,0.960259,1.5591134,1,2.120634647,0.894044036,0.606083277,0.624545678
201,alpha_2.0_temp_0.5,2,0.5,42,4800,0.95213544,1.5586194,1,2.120657754,0.893365249,0.609950473,0.617775892
202,alpha_2.0_temp_0.5,2,0.5,42,4900,0.9436901,1.5778974,1,2.112008989,0.894441329,0.607587405,0.625356114
203,alpha_2.0_temp_0.5,2,0.5,42,4999,0.93590313,1.5778606,1,2.11678872096650000,0.89222105300000000,0.60632691674431100,0.62532711135347600
51,alpha_2.0_temp_0.5,2,0.5,43,0,4.345129,4.3457837,1,1.479809002,0.761447266,0.275342728,0.390623758
52,alpha_2.0_temp_0.5,2,0.5,43,100,2.4451745,2.4666848,1,2.10247787,0.964948616,0.585681202,0.634986957
53,alpha_2.0_temp_0.5,2,0.5,43,200,2.229412,2.2611253,1,2.099195682,0.96271444,0.58660013,0.617760769
54,alpha_2.0_temp_0.5,2,0.5,43,300,1.9936299,2.0791006,0.999291667,2.15327778,0.961568208,0.609841352,0.615961134
55,alpha_2.0_temp_0.5,2,0.5,43,400,1.7824628,1.9249172,1,2.165310738,0.96476422,0.616750434,0.619425164
56,alpha_2.0_temp_0.5,2,0.5,43,500,1.6481507,1.821801,1,2.177557411,0.960729051,0.619357397,0.618719707
57,alpha_2.0_temp_0.5,2,0.5,43,600,1.557654,1.7347724,1,2.196866057,0.959317199,0.625755313,0.622455566
58,alpha_2.0_temp_0.5,2,0.5,43,700,1.4946014,1.680408,1,2.21262055,0.956132507,0.632610308,0.631312351
59,alpha_2.0_temp_0.5,2,0.5,43,800,1.4450686,1.6440259,1,2.218989696,0.955037032,0.633456416,0.636334746
60,alpha_2.0_temp_0.5,2,0.5,43,900,1.407539,1.6070874,1,2.234587368,0.952811836,0.639048106,0.64283355
61,alpha_2.0_temp_0.5,2,0.5,43,1000,1.3727047,1.5825751,1,2.235168691,0.94796073,0.639428798,0.652857081
62,alpha_2.0_temp_0.5,2,0.5,43,1100,1.3448181,1.5648249,1,2.234003626,0.94527916,0.643950539,0.656868175
63,alpha_2.0_temp_0.5,2,0.5,43,1200,1.3238742,1.5540117,1,2.220284686,0.94185743,0.638518222,0.653969838
64,alpha_2.0_temp_0.5,2,0.5,43,1300,1.3010348,1.539362,1,2.226896837,0.93984522,0.6418132,0.659955409
65,alpha_2.0_temp_0.5,2,0.5,43,1400,1.2862501,1.5263811,1,2.223768134,0.939038852,0.63831275,0.660144458
66,alpha_2.0_temp_0.5,2,0.5,43,1500,1.2634509,1.5214704,1,2.207888771,0.936656925,0.63981572,0.666748871
67,alpha_2.0_temp_0.5,2,0.5,43,1600,1.2533101,1.5178323,1,2.21218444,0.934997481,0.638887134,0.659336679
68,alpha_2.0_temp_0.5,2,0.5,43,1700,1.2382175,1.509135,1,2.208596926,0.933072566,0.641875708,0.662345265
69,alpha_2.0_temp_0.5,2,0.5,43,1800,1.2263252,1.5016865,1,2.205958688,0.929095001,0.643364098,0.666254083
70,alpha_2.0_temp_0.5,2,0.5,43,1900,1.2100556,1.4997883,1,2.231471277,0.927422848,0.653161154,0.675653523
71,alpha_2.0_temp_0.5,2,0.5,43,2000,1.1996899,1.5047963,1,2.238571435,0.923066063,0.653268905,0.673398637
72,alpha_2.0_temp_0.5,2,0.5,43,2100,1.1868038,1.49593,1,2.234886271,0.923507217,0.652994439,0.685059312
73,alpha_2.0_temp_0.5,2,0.5,43,2200,1.1754475,1.490791,1,2.245269869,0.923212479,0.659297989,0.688507758
74,alpha_2.0_temp_0.5,2,0.5,43,2300,1.1661987,1.492769,1,2.232802375,0.920336195,0.653433642,0.679925382
75,alpha_2.0_temp_0.5,2,0.5,43,2400,1.1563138,1.4941522,1,2.243041374,0.921609721,0.655875384,0.683694216
76,alpha_2.0_temp_0.5,2,0.5,43,2500,1.1448838,1.4906812,1,2.241974724,0.919563021,0.658119028,0.684147903
77,alpha_2.0_temp_0.5,2,0.5,43,2600,1.135645,1.4919869,1,2.245111807,0.919538719,0.657062093,0.689847365
78,alpha_2.0_temp_0.5,2,0.5,43,2700,1.1246,1.4977267,1,2.23092897,0.91930869,0.653847152,0.692898858
79,alpha_2.0_temp_0.5,2,0.5,43,2800,1.114302,1.4941863,1,2.238718862,0.918762295,0.656005997,0.688304156
80,alpha_2.0_temp_0.5,2,0.5,43,2900,1.106683,1.4955693,1,2.229545301,0.916030251,0.654923478,0.685345598
81,alpha_2.0_temp_0.5,2,0.5,43,3000,1.0968375,1.4998723,1,2.234990371,0.91521972,0.657429869,0.69269361
82,alpha_2.0_temp_0.5,2,0.5,43,3100,1.087823,1.5046247,1,2.244275186,0.915430066,0.662764672,0.696627967
83,alpha_2.0_temp_0.5,2,0.5,43,3200,1.0772417,1.5087633,1,2.236623701,0.913712406,0.653530335,0.690639387
84,alpha_2.0_temp_0.5,2,0.5,43,3300,1.0684726,1.5045935,1,2.235571634,0.912930919,0.655947878,0.700007351
85,alpha_2.0_temp_0.5,2,0.5,43,3400,1.0586053,1.5124667,1,2.244714644,0.913933702,0.66111214,0.699951445
86,alpha_2.0_temp_0.5,2,0.5,43,3500,1.0512844,1.5255493,1,2.236098846,0.912192005,0.656468248,0.698064227
87,alpha_2.0_temp_0.5,2,0.5,43,3600,1.0397599,1.5155813,1,2.230841442,0.911864636,0.654342647,0.693884618
88,alpha_2.0_temp_0.5,2,0.5,43,3700,1.0303032,1.5336083,1,2.235181999,0.910574073,0.658567118,0.697448538
89,alpha_2.0_temp_0.5,2,0.5,43,3800,1.0223061,1.533522,1,2.238506134,0.90956629,0.66114267,0.697149343
90,alpha_2.0_temp_0.5,2,0.5,43,3900,1.012267,1.5440406,1,2.223699162,0.909928958,0.652739014,0.696183904
91,alpha_2.0_temp_0.5,2,0.5,43,4000,1.0053072,1.5466421,1,2.221350639,0.908429184,0.653899461,0.695803001
92,alpha_2.0_temp_0.5,2,0.5,43,4100,0.99374133,1.542695,1,2.225183807,0.908790693,0.656402014,0.700997709
93,alpha_2.0_temp_0.5,2,0.5,43,4200,0.9852193,1.5490344,1,2.221365396,0.908266975,0.652568499,0.687684606
94,alpha_2.0_temp_0.5,2,0.5,43,4300,0.9776116,1.5513343,1,2.211770642,0.907417652,0.651868757,0.696450206
95,alpha_2.0_temp_0.5,2,0.5,43,4400,0.9700867,1.5597379,1,2.214314622,0.906152623,0.65103202,0.691609563
96,alpha_2.0_temp_0.5,2,0.5,43,4500,0.95819074,1.5680461,1,2.203278543,0.907595845,0.650006203,0.696334241
97,alpha_2.0_temp_0.5,2,0.5,43,4600,0.94873416,1.5707872,1,2.197518113,0.905200793,0.648802492,0.692617762
98,alpha_2.0_temp_0.5,2,0.5,43,4700,0.9393871,1.5805538,1,2.199837379,0.905522503,0.657281482,0.695415655
99,alpha_2.0_temp_0.5,2,0.5,43,4800,0.9365045,1.5832598,1,2.204897011,0.906570088,0.660936472,0.68816258
100,alpha_2.0_temp_0.5,2,0.5,43,4900,0.92313,1.5819652,1,2.199521692,0.903700983,0.660226907,0.695808959
101,alpha_2.0_temp_0.5,2,0.5,43,4999,0.9124905,1.5999358,1,2.188875962,0.901421799,0.657260954,0.695162264
0,alpha_2.0_temp_0.5,2,0.5,44,0,4.2911983,4.292268,1,1.522176807,0.749732974,0.263229302,0.362760763
1,alpha_2.0_temp_0.5,2,0.5,44,100,2.4420054,2.4599838,1,2.135408149,0.957828173,0.571689445,0.629455595
2,alpha_2.0_temp_0.5,2,0.5,44,200,2.211535,2.2485015,1,2.04801061,0.951016003,0.519784955,0.576488033
3,alpha_2.0_temp_0.5,2,0.5,44,300,1.975128,2.0608141,1,1.998309291,0.95966556,0.502291189,0.542817334
4,alpha_2.0_temp_0.5,2,0.5,44,400,1.7806777,1.907016,1,2.035751598,0.961218292,0.510134659,0.539804839
5,alpha_2.0_temp_0.5,2,0.5,44,500,1.6474502,1.8109362,1,2.042927104,0.958735218,0.509031293,0.533507458
6,alpha_2.0_temp_0.5,2,0.5,44,600,1.5615692,1.749131,1,2.061622602,0.956757731,0.517088395,0.538331036
7,alpha_2.0_temp_0.5,2,0.5,44,700,1.4944237,1.6855655,1,2.070970306,0.952974367,0.524961425,0.541179833
8,alpha_2.0_temp_0.5,2,0.5,44,800,1.4481342,1.647594,1,2.08106338,0.950669064,0.526810638,0.545046108
9,alpha_2.0_temp_0.5,2,0.5,44,900,1.4082385,1.6152425,1,2.09251523,0.946088185,0.528915882,0.552188778
10,alpha_2.0_temp_0.5,2,0.5,44,1000,1.376959,1.5869093,1,2.08865081,0.944555441,0.535021847,0.559600749
11,alpha_2.0_temp_0.5,2,0.5,44,1100,1.3540996,1.5702542,1,2.088218153,0.939002791,0.539816151,0.55792401
12,alpha_2.0_temp_0.5,2,0.5,44,1200,1.3312166,1.5651051,1,2.088694417,0.935493313,0.541798096,0.555735902
13,alpha_2.0_temp_0.5,2,0.5,44,1300,1.3112515,1.5495515,1,2.098157252,0.933590374,0.5418959,0.565587282
14,alpha_2.0_temp_0.5,2,0.5,44,1400,1.2918638,1.5331295,1,2.089151731,0.930121881,0.543966863,0.564473698
15,alpha_2.0_temp_0.5,2,0.5,44,1500,1.2767605,1.5233315,1,2.097308818,0.927526633,0.551529895,0.568894966
16,alpha_2.0_temp_0.5,2,0.5,44,1600,1.2622277,1.5273958,1,2.088654552,0.924049123,0.549009623,0.561903478
17,alpha_2.0_temp_0.5,2,0.5,44,1700,1.2475966,1.525625,1,2.107752889,0.921353355,0.558441917,0.577670654
18,alpha_2.0_temp_0.5,2,0.5,44,1800,1.2329099,1.5072991,1,2.106370681,0.916624953,0.554943961,0.563686317
19,alpha_2.0_temp_0.5,2,0.5,44,1900,1.223596,1.5084205,1,2.120664334,0.916909279,0.56402112,0.570590348
20,alpha_2.0_temp_0.5,2,0.5,44,2000,1.2094966,1.5085105,1,2.122490551,0.916388178,0.562682911,0.579545048
21,alpha_2.0_temp_0.5,2,0.5,44,2100,1.19971,1.499862,1,2.123890553,0.91447362,0.567858377,0.578694946
22,alpha_2.0_temp_0.5,2,0.5,44,2200,1.1902866,1.4970146,1,2.115852565,0.912731329,0.560059518,0.564314782
23,alpha_2.0_temp_0.5,2,0.5,44,2300,1.1801721,1.4951508,1,2.111520981,0.908717049,0.567259111,0.571360619
24,alpha_2.0_temp_0.5,2,0.5,44,2400,1.1679724,1.4983793,1,2.120464999,0.909393572,0.569581855,0.582634627
25,alpha_2.0_temp_0.5,2,0.5,44,2500,1.1589521,1.4971006,1,2.113681413,0.908347939,0.567166707,0.577605844
26,alpha_2.0_temp_0.5,2,0.5,44,2600,1.1462724,1.4970449,1,2.118824942,0.908239231,0.567071228,0.575046412
27,alpha_2.0_temp_0.5,2,0.5,44,2700,1.1400081,1.4985392,1,2.112407249,0.906930694,0.566721962,0.577439619
28,alpha_2.0_temp_0.5,2,0.5,44,2800,1.129853,1.5023694,1,2.141186997,0.903299832,0.57406089,0.584327178
29,alpha_2.0_temp_0.5,2,0.5,44,2900,1.1198528,1.4945371,1,2.120262691,0.902745963,0.57035569,0.574542557
30,alpha_2.0_temp_0.5,2,0.5,44,3000,1.1113176,1.4931543,1,2.145697296,0.900519779,0.573413525,0.585995142
31,alpha_2.0_temp_0.5,2,0.5,44,3100,1.1024275,1.4947608,1,2.141494522,0.899130409,0.573295542,0.581106808
32,alpha_2.0_temp_0.5,2,0.5,44,3200,1.0930357,1.4984368,1,2.143909071,0.901071913,0.575646545,0.592775817
33,alpha_2.0_temp_0.5,2,0.5,44,3300,1.0844971,1.5079038,1,2.142765823,0.900561711,0.571906882,0.589776462
34,alpha_2.0_temp_0.5,2,0.5,44,3400,1.0734183,1.5123844,1,2.141183795,0.898419959,0.574203838,0.593201544
35,alpha_2.0_temp_0.5,2,0.5,44,3500,1.0683808,1.5209914,1,2.153905867,0.901233519,0.578558026,0.582905414
36,alpha_2.0_temp_0.5,2,0.5,44,3600,1.0568501,1.5221221,1,2.145798589,0.899204774,0.575194095,0.597894073
37,alpha_2.0_temp_0.5,2,0.5,44,3700,1.0507158,1.5242653,1,2.130801633,0.895039536,0.571444249,0.580669716
38,alpha_2.0_temp_0.5,2,0.5,44,3800,1.0389681,1.5293882,1,2.139692303,0.896340673,0.572801063,0.588665473
39,alpha_2.0_temp_0.5,2,0.5,44,3900,1.0302217,1.5316535,1,2.143928424,0.894584144,0.576539076,0.588262193
40,alpha_2.0_temp_0.5,2,0.5,44,4000,1.0200981,1.5348558,1,2.1488387,0.894440935,0.578854565,0.593127353
41,alpha_2.0_temp_0.5,2,0.5,44,4100,1.012026,1.5344975,1,2.146990624,0.893162519,0.576281891,0.591863389
42,alpha_2.0_temp_0.5,2,0.5,44,4200,1.0029507,1.5440339,1,2.143957861,0.893280029,0.57531402,0.593543857
43,alpha_2.0_temp_0.5,2,0.5,44,4300,0.99430174,1.5521736,1,2.144644869,0.893025278,0.577574346,0.601514324
44,alpha_2.0_temp_0.5,2,0.5,44,4400,0.98517567,1.5531055,1,2.137916313,0.891771849,0.574762006,0.598718963
45,alpha_2.0_temp_0.5,2,0.5,44,4500,0.97535896,1.5634288,1,2.140947784,0.89132201,0.576555018,0.596712867
46,alpha_2.0_temp_0.5,2,0.5,44,4600,0.96751976,1.5616852,1,2.143848516,0.891673128,0.576069718,0.589899099
47,alpha_2.0_temp_0.5,2,0.5,44,4700,0.9583812,1.5729282,1,2.136184861,0.89168221,0.577821565,0.592340234
48,alpha_2.0_temp_0.5,2,0.5,44,4800,0.94888735,1.5798265,1,2.140147841,0.892091262,0.577591508,0.600588691
49,alpha_2.0_temp_0.5,2,0.5,44,4900,0.94047445,1.5757191,1,2.142327261,0.890899691,0.577272941,0.600365599
50,alpha_2.0_temp_0.5,2,0.5,44,4999,0.9314717,1.5862457,1,2.133821615,0.890369383,0.574784679,0.596489898
51,alpha_2.0_temp_0.5,2,0.5,45,0,4.339724,4.33433,1,1.499313456,0.750601397,0.277855875,0.3756656
52,alpha_2.0_temp_0.5,2,0.5,45,100,2.4376721,2.4544356,0.998666667,2.17552181,0.947185307,0.651682084,0.677250777
53,alpha_2.0_temp_0.5,2,0.5,45,200,2.1933682,2.2338223,0.999916667,2.193254285,0.94635356,0.657582005,0.680115399
54,alpha_2.0_temp_0.5,2,0.5,45,300,1.967698,2.0539017,0.978458333,2.234038648,0.94393441,0.678068209,0.694323813
55,alpha_2.0_temp_0.5,2,0.5,45,400,1.7714326,1.9074786,0.999958333,2.236851413,0.942807891,0.680485456,0.700081142
56,alpha_2.0_temp_0.5,2,0.5,45,500,1.6365241,1.7969226,1,2.270192762,0.939983509,0.688480873,0.712385231
57,alpha_2.0_temp_0.5,2,0.5,45,600,1.5537364,1.7376457,0.999916667,2.279461162,0.936950341,0.68959805,0.715145278
58,alpha_2.0_temp_0.5,2,0.5,45,700,1.4924353,1.6810224,0.999916667,2.284318703,0.935443231,0.690840629,0.720837735
59,alpha_2.0_temp_0.5,2,0.5,45,800,1.4474555,1.6440012,0.999833333,2.278460022,0.930064054,0.683924859,0.707798248
60,alpha_2.0_temp_0.5,2,0.5,45,900,1.4095727,1.6121137,1,2.295844947,0.928619484,0.686976451,0.725326754
61,alpha_2.0_temp_0.5,2,0.5,45,1000,1.3791162,1.5907292,1,2.275336474,0.923974252,0.680866937,0.703123096
62,alpha_2.0_temp_0.5,2,0.5,45,1100,1.352729,1.5658938,0.999958333,2.278870845,0.920001062,0.682477689,0.714124265
63,alpha_2.0_temp_0.5,2,0.5,45,1200,1.3293718,1.5590285,1,2.267141304,0.915814841,0.676547804,0.707307473
64,alpha_2.0_temp_0.5,2,0.5,45,1300,1.3110288,1.545404,0.999083333,2.258320144,0.913184557,0.674425946,0.704223469
65,alpha_2.0_temp_0.5,2,0.5,45,1400,1.2920427,1.5304214,0.996583333,2.256900627,0.909556965,0.674110199,0.702050147
66,alpha_2.0_temp_0.5,2,0.5,45,1500,1.2793863,1.5348861,0.999875,2.25525597,0.907413942,0.67481162,0.709786595
67,alpha_2.0_temp_0.5,2,0.5,45,1600,1.2647195,1.5220572,0.986083333,2.254906049,0.905639385,0.673136209,0.711087235
68,alpha_2.0_temp_0.5,2,0.5,45,1700,1.2471018,1.5198325,0.97975,2.248580475,0.903766798,0.672175732,0.711201353
69,alpha_2.0_temp_0.5,2,0.5,45,1800,1.2349856,1.510997,0.979166667,2.227328575,0.899362438,0.665705297,0.684978167
70,alpha_2.0_temp_0.5,2,0.5,45,1900,1.2247214,1.5083437,0.979625,2.234550446,0.899762866,0.669318411,0.702124674
71,alpha_2.0_temp_0.5,2,0.5,45,2000,1.21096,1.5103909,0.999958333,2.242349206,0.897898466,0.672194073,0.712934261
72,alpha_2.0_temp_0.5,2,0.5,45,2100,1.2011989,1.5017922,0.97925,2.231981958,0.896809655,0.66813149,0.698767048
73,alpha_2.0_temp_0.5,2,0.5,45,2200,1.1896302,1.5014362,0.979666667,2.224293328,0.893069828,0.66614749,0.69402416
74,alpha_2.0_temp_0.5,2,0.5,45,2300,1.1813239,1.5006714,0.980708333,2.223437303,0.892383748,0.665314594,0.701455247
75,alpha_2.0_temp_0.5,2,0.5,45,2400,1.1699071,1.4972919,0.992291667,2.223279981,0.893523598,0.667399416,0.703511236
76,alpha_2.0_temp_0.5,2,0.5,45,2500,1.159971,1.5037391,0.98075,2.218912157,0.891623312,0.667188468,0.694880339
77,alpha_2.0_temp_0.5,2,0.5,45,2600,1.1507721,1.4985535,0.97975,2.214304726,0.88963758,0.666733696,0.697414771
78,alpha_2.0_temp_0.5,2,0.5,45,2700,1.1390784,1.5019363,0.97975,2.212465283,0.889886897,0.664412418,0.693568101
79,alpha_2.0_temp_0.5,2,0.5,45,2800,1.1309553,1.4947526,0.980291667,2.207063583,0.887126427,0.660705505,0.690405969
80,alpha_2.0_temp_0.5,2,0.5,45,2900,1.1227124,1.4996687,0.982458333,2.220798528,0.889692441,0.669338006,0.702863338
81,alpha_2.0_temp_0.5,2,0.5,45,3000,1.1132654,1.4957442,0.980583333,2.204930159,0.884731065,0.664526708,0.686940178
82,alpha_2.0_temp_0.5,2,0.5,45,3100,1.103478,1.498568,0.985875,2.195797987,0.885223676,0.661496511,0.688432243
83,alpha_2.0_temp_0.5,2,0.5,45,3200,1.0947522,1.5068983,0.981666667,2.193190527,0.883748948,0.659379153,0.684473451
84,alpha_2.0_temp_0.5,2,0.5,45,3300,1.0869707,1.5028498,0.986375,2.196718217,0.884806578,0.662151074,0.690062755
85,alpha_2.0_temp_0.5,2,0.5,45,3400,1.0775095,1.5119575,0.980041667,2.192957819,0.88113192,0.663612287,0.689498787
86,alpha_2.0_temp_0.5,2,0.5,45,3500,1.0673225,1.5175798,0.979166667,2.189474269,0.882615519,0.663519696,0.685506653
87,alpha_2.0_temp_0.5,2,0.5,45,3600,1.0606465,1.5212615,0.979166667,2.187910283,0.881317899,0.664355919,0.689180587
88,alpha_2.0_temp_0.5,2,0.5,45,3700,1.0520468,1.5242656,0.979166667,2.192576672,0.882098655,0.662126486,0.695805498
89,alpha_2.0_temp_0.5,2,0.5,45,3800,1.0436842,1.5328014,0.979166667,2.188361509,0.880285416,0.664059618,0.689605843
90,alpha_2.0_temp_0.5,2,0.5,45,3900,1.0348743,1.5250156,0.979166667,2.175082719,0.878407648,0.656745791,0.67407496
91,alpha_2.0_temp_0.5,2,0.5,45,4000,1.02705,1.5304503,0.979208333,2.176366359,0.877921067,0.659208613,0.678987669
92,alpha_2.0_temp_0.5,2,0.5,45,4100,1.018253,1.5400399,0.979166667,2.176787067,0.878679651,0.658858846,0.685070683
93,alpha_2.0_temp_0.5,2,0.5,45,4200,1.0090623,1.5415349,0.979166667,2.172411884,0.87698721,0.657186472,0.672460735
94,alpha_2.0_temp_0.5,2,0.5,45,4300,1.0015485,1.5503113,0.979166667,2.175717721,0.877608563,0.660129059,0.679961364
95,alpha_2.0_temp_0.5,2,0.5,45,4400,0.9889058,1.5513632,0.979166667,2.174225466,0.875927676,0.660137965,0.679133929
96,alpha_2.0_temp_0.5,2,0.5,45,4500,0.9830677,1.5569192,0.979166667,2.174641699,0.874355945,0.661104182,0.67660185
97,alpha_2.0_temp_0.5,2,0.5,45,4600,0.97407264,1.5635213,0.979166667,2.171700728,0.875427918,0.660412052,0.678079233
98,alpha_2.0_temp_0.5,2,0.5,45,4700,0.9634094,1.5674375,0.979166667,2.165329966,0.873282296,0.656613735,0.675870491
99,alpha_2.0_temp_0.5,2,0.5,45,4800,0.95934296,1.570584,0.979166667,2.173679668,0.875266457,0.659543498,0.675884482
100,alpha_2.0_temp_0.5,2,0.5,45,4900,0.95101964,1.5766732,0.979166667,2.171470065,0.873782944,0.659735313,0.675832704
101,alpha_2.0_temp_0.5,2,0.5,45,4999,0.94167227,1.5817598,0.979166667,2.170255411,0.872835348,0.660188558,0.675998378
102,alpha_2.0_temp_0.5,2,0.5,46,0,4.4020147,4.40189,1,1.42187187,0.745515199,0.255108422,0.344935569
103,alpha_2.0_temp_0.5,2,0.5,46,100,2.4505746,2.468278,1,1.98455404,0.947429846,0.570930138,0.608861133
104,alpha_2.0_temp_0.5,2,0.5,46,200,2.2208154,2.2535038,0.992208333,1.89423094,0.940486904,0.541071316,0.561656918
105,alpha_2.0_temp_0.5,2,0.5,46,300,1.9871196,2.0761342,0.99275,1.827372255,0.949708461,0.54031131,0.548565931
106,alpha_2.0_temp_0.5,2,0.5,46,400,1.7935874,1.9234165,1,1.846174883,0.951224174,0.541394286,0.544675638
107,alpha_2.0_temp_0.5,2,0.5,46,500,1.6573972,1.8156987,1,1.83619738,0.952330855,0.536091335,0.536789785
108,alpha_2.0_temp_0.5,2,0.5,46,600,1.5640371,1.738822,1,1.863377578,0.951584528,0.547482637,0.543349776
109,alpha_2.0_temp_0.5,2,0.5,46,700,1.5028464,1.6852272,1,1.866155274,0.948189569,0.553842638,0.548477202
110,alpha_2.0_temp_0.5,2,0.5,46,800,1.4557562,1.6447455,1,1.869068451,0.942533781,0.556063778,0.547722195
111,alpha_2.0_temp_0.5,2,0.5,46,900,1.4148167,1.6106924,1,1.848159995,0.942361896,0.554535768,0.547426645
112,alpha_2.0_temp_0.5,2,0.5,46,1000,1.3817053,1.5826222,1,1.889594165,0.93944354,0.563797079,0.560400188
113,alpha_2.0_temp_0.5,2,0.5,46,1100,1.3550905,1.5680615,1,1.93074776,0.934152066,0.572082569,0.56665743
114,alpha_2.0_temp_0.5,2,0.5,46,1200,1.3332036,1.5518086,1,1.9191037,0.92914236,0.569069318,0.569388188
115,alpha_2.0_temp_0.5,2,0.5,46,1300,1.3119041,1.538324,1,1.934165366,0.927044172,0.575372825,0.575985904
116,alpha_2.0_temp_0.5,2,0.5,46,1400,1.2963376,1.5316436,1,1.936129912,0.923589957,0.573662302,0.575276452
117,alpha_2.0_temp_0.5,2,0.5,46,1500,1.278261,1.5204657,1,1.937306864,0.922853588,0.576278356,0.58147184
118,alpha_2.0_temp_0.5,2,0.5,46,1600,1.2626508,1.5246595,1,1.929004521,0.918314824,0.573890569,0.578540804
119,alpha_2.0_temp_0.5,2,0.5,46,1700,1.2477942,1.5078347,1,1.932325234,0.916131531,0.575598526,0.576801197
120,alpha_2.0_temp_0.5,2,0.5,46,1800,1.2353574,1.5067818,1,1.939435545,0.914300478,0.579343085,0.59603651
121,alpha_2.0_temp_0.5,2,0.5,46,1900,1.2226192,1.5089362,1,1.929299801,0.911843961,0.578480671,0.591915777
122,alpha_2.0_temp_0.5,2,0.5,46,2000,1.2090813,1.4978733,1,1.937879282,0.910828586,0.582365433,0.59940601
123,alpha_2.0_temp_0.5,2,0.5,46,2100,1.1990173,1.4929138,1,1.929490468,0.911011761,0.581420361,0.595973988
124,alpha_2.0_temp_0.5,2,0.5,46,2200,1.188068,1.4965221,1,1.929930081,0.909509945,0.578927267,0.59406872
125,alpha_2.0_temp_0.5,2,0.5,46,2300,1.1753186,1.4909055,1,1.918415607,0.910516202,0.581519128,0.596668979
126,alpha_2.0_temp_0.5,2,0.5,46,2400,1.168209,1.4948257,1,1.91824441,0.909646258,0.580266773,0.604153695
127,alpha_2.0_temp_0.5,2,0.5,46,2500,1.1560293,1.4925772,1,1.923205792,0.906780757,0.582202001,0.601349357
128,alpha_2.0_temp_0.5,2,0.5,46,2600,1.1457258,1.4961282,1,1.920855628,0.904165493,0.579982733,0.591786857
129,alpha_2.0_temp_0.5,2,0.5,46,2700,1.1353245,1.4974477,1,1.930563469,0.903757814,0.582939434,0.594413028
130,alpha_2.0_temp_0.5,2,0.5,46,2800,1.1281946,1.5019724,1,1.921333884,0.904914434,0.582781354,0.597286925
131,alpha_2.0_temp_0.5,2,0.5,46,2900,1.1172636,1.503386,1,1.920646675,0.903055553,0.58582245,0.599855016
132,alpha_2.0_temp_0.5,2,0.5,46,3000,1.108249,1.4912485,1,1.932300565,0.903348767,0.586591706,0.606016101
133,alpha_2.0_temp_0.5,2,0.5,46,3100,1.0991224,1.5017431,1,1.914371343,0.900065275,0.581474885,0.598406231
134,alpha_2.0_temp_0.5,2,0.5,46,3200,1.0891588,1.5096575,1,1.922311559,0.901319069,0.583232684,0.600345381
135,alpha_2.0_temp_0.5,2,0.5,46,3300,1.0809363,1.5061508,1,1.914613433,0.898422681,0.584437552,0.598347599
136,alpha_2.0_temp_0.5,2,0.5,46,3400,1.0716751,1.5178696,1,1.916537579,0.898818272,0.586548923,0.602734513
137,alpha_2.0_temp_0.5,2,0.5,46,3500,1.0618937,1.5150597,1,1.917592413,0.898164607,0.583816016,0.602334328
138,alpha_2.0_temp_0.5,2,0.5,46,3600,1.0515873,1.5224249,1,1.907597677,0.897238975,0.58359088,0.603566162
139,alpha_2.0_temp_0.5,2,0.5,46,3700,1.0437244,1.5260023,1,1.911122521,0.896064746,0.587078455,0.601592931
140,alpha_2.0_temp_0.5,2,0.5,46,3800,1.0356678,1.5337017,1,1.916173033,0.898101336,0.587003259,0.610951479
141,alpha_2.0_temp_0.5,2,0.5,46,3900,1.0266892,1.5324085,1,1.91205834,0.89616656,0.586791045,0.603186608
142,alpha_2.0_temp_0.5,2,0.5,46,4000,1.0154412,1.5364993,1,1.909100833,0.897037364,0.584559922,0.607942007
143,alpha_2.0_temp_0.5,2,0.5,46,4100,1.0061194,1.545294,1,1.910454384,0.895800871,0.587901306,0.606357154
144,alpha_2.0_temp_0.5,2,0.5,46,4200,0.99732447,1.5501751,1,1.913061741,0.895213534,0.585828822,0.606709813
145,alpha_2.0_temp_0.5,2,0.5,46,4300,0.9895504,1.5545554,1,1.912926615,0.89471991,0.589613694,0.610953041
146,alpha_2.0_temp_0.5,2,0.5,46,4400,0.9819565,1.5607055,1,1.907952834,0.895355223,0.585475888,0.610325719
147,alpha_2.0_temp_0.5,2,0.5,46,4500,0.9723261,1.5688432,1,1.905734491,0.893370835,0.585575562,0.611833595
148,alpha_2.0_temp_0.5,2,0.5,46,4600,0.9608174,1.5749379,1,1.902522803,0.894566217,0.586985807,0.611636512
149,alpha_2.0_temp_0.5,2,0.5,46,4700,0.9522867,1.5834571,1,1.905570011,0.893450236,0.586948018,0.607003219
150,alpha_2.0_temp_0.5,2,0.5,46,4800,0.945642,1.5856012,1,1.900462396,0.89271011,0.584497666,0.605956048
151,alpha_2.0_temp_0.5,2,0.5,46,4900,0.9371157,1.6046357,1,1.898446165,0.891702812,0.584067341,0.603078707
152,alpha_2.0_temp_0.5,2,0.5,46,4999,0.9273936,1.604939,1,1.906275541,0.892305373,0.584893752,0.603159545
204,alpha_2.0_temp_1.0,2,1,42,0,4.256836,4.2574124,1,1.31301345,0.601628937,0.181299204,0.269491688
205,alpha_2.0_temp_1.0,2,1,42,100,2.4406853,2.458343,1,1.780577064,0.814847307,0.430257067,0.479757681
206,alpha_2.0_temp_1.0,2,1,42,200,2.2103462,2.2543974,1,1.825266649,0.799063742,0.413646324,0.468085813
207,alpha_2.0_temp_1.0,2,1,42,300,1.9559114,2.0430615,1,1.854596314,0.812394718,0.433364851,0.48328891
208,alpha_2.0_temp_1.0,2,1,42,400,1.7510844,1.8893598,1,1.872425985,0.819487161,0.436456579,0.47131272
209,alpha_2.0_temp_1.0,2,1,42,500,1.620878,1.8001269,1,1.874818954,0.824915942,0.441935469,0.475853257
210,alpha_2.0_temp_1.0,2,1,42,600,1.5368315,1.7203777,1,1.896955531,0.821680156,0.446253142,0.479501196
211,alpha_2.0_temp_1.0,2,1,42,700,1.475867,1.6725881,1,1.891744001,0.820376279,0.442856067,0.467586599
212,alpha_2.0_temp_1.0,2,1,42,800,1.4278215,1.6310122,1,1.90526419,0.819495357,0.444844679,0.473398858
213,alpha_2.0_temp_1.0,2,1,42,900,1.3918784,1.601822,1,1.884077475,0.822572531,0.444233824,0.47286413
214,alpha_2.0_temp_1.0,2,1,42,1000,1.364362,1.5827938,1,1.876630726,0.816953798,0.43889095,0.465115186
215,alpha_2.0_temp_1.0,2,1,42,1100,1.3352551,1.5631217,1,1.876231272,0.818082726,0.439455653,0.459992995
216,alpha_2.0_temp_1.0,2,1,42,1200,1.3127959,1.5476384,1,1.89892719,0.816347221,0.443310566,0.464811637
217,alpha_2.0_temp_1.0,2,1,42,1300,1.2919475,1.5377673,1,1.875257201,0.813925442,0.439081492,0.459081893
218,alpha_2.0_temp_1.0,2,1,42,1400,1.2765067,1.5281792,1,1.874655344,0.814771365,0.435859878,0.449429935
219,alpha_2.0_temp_1.0,2,1,42,1500,1.2581096,1.516975,1,1.896587683,0.812658786,0.440552338,0.450277606
220,alpha_2.0_temp_1.0,2,1,42,1600,1.2430433,1.5120003,1,1.884723139,0.81390403,0.441897813,0.459088205
221,alpha_2.0_temp_1.0,2,1,42,1700,1.2322744,1.5109069,1,1.874290883,0.811251435,0.441817945,0.460119586
222,alpha_2.0_temp_1.0,2,1,42,1800,1.2152188,1.5002184,1,1.88341605,0.810749342,0.440617002,0.457783386
223,alpha_2.0_temp_1.0,2,1,42,1900,1.2047087,1.5032114,1,1.875452006,0.810815217,0.439846269,0.455996489
224,alpha_2.0_temp_1.0,2,1,42,2000,1.1921464,1.500426,1,1.882182676,0.809609677,0.439935823,0.456741026
225,alpha_2.0_temp_1.0,2,1,42,2100,1.1799372,1.4949719,1,1.85961235,0.808983292,0.437574167,0.448137992
226,alpha_2.0_temp_1.0,2,1,42,2200,1.1690993,1.4937606,1,1.861279268,0.808092911,0.435902048,0.443445886
227,alpha_2.0_temp_1.0,2,1,42,2300,1.1555598,1.4900141,1,1.88528303,0.806596383,0.440719951,0.452258206
228,alpha_2.0_temp_1.0,2,1,42,2400,1.1435246,1.4966265,1,1.86295278,0.808509372,0.438560128,0.452537784
229,alpha_2.0_temp_1.0,2,1,42,2500,1.1344458,1.4983687,1,1.873053399,0.807684049,0.437386981,0.452971743
230,alpha_2.0_temp_1.0,2,1,42,2600,1.1253318,1.5023708,1,1.863656305,0.805955483,0.435384227,0.445594185
231,alpha_2.0_temp_1.0,2,1,42,2700,1.1134683,1.5022159,1,1.847218449,0.80752925,0.437356062,0.450687883
232,alpha_2.0_temp_1.0,2,1,42,2800,1.1044945,1.4994371,1,1.847108516,0.80636595,0.43160566,0.442038254
233,alpha_2.0_temp_1.0,2,1,42,2900,1.0915464,1.5070447,1,1.849935472,0.806584446,0.435623638,0.445205507
234,alpha_2.0_temp_1.0,2,1,42,3000,1.0818579,1.4996895,1,1.849271755,0.8069327,0.434239355,0.444580681
235,alpha_2.0_temp_1.0,2,1,42,3100,1.0725738,1.5052707,1,1.845565842,0.805955021,0.43370313,0.441168096
236,alpha_2.0_temp_1.0,2,1,42,3200,1.0630615,1.5069294,1,1.836225945,0.805942167,0.43229655,0.436104321
237,alpha_2.0_temp_1.0,2,1,42,3300,1.0530504,1.5117741,1,1.847469499,0.80510712,0.436166218,0.440058494
238,alpha_2.0_temp_1.0,2,1,42,3400,1.045136,1.5152377,1,1.857432035,0.802960094,0.435737607,0.439334936
239,alpha_2.0_temp_1.0,2,1,42,3500,1.0329007,1.5209502,1,1.833077294,0.803646151,0.428794437,0.439243434
240,alpha_2.0_temp_1.0,2,1,42,3600,1.0226953,1.5219526,1,1.850102367,0.803882649,0.436392894,0.436694891
241,alpha_2.0_temp_1.0,2,1,42,3700,1.0137264,1.5264223,1,1.831559459,0.804394025,0.431098351,0.439388359
242,alpha_2.0_temp_1.0,2,1,42,3800,1.0025729,1.5422851,1,1.838034143,0.802805472,0.431313792,0.43331207
243,alpha_2.0_temp_1.0,2,1,42,3900,0.9950372,1.5338122,1,1.844523243,0.802938215,0.433430972,0.438678411
244,alpha_2.0_temp_1.0,2,1,42,4000,0.9836498,1.5506377,1,1.821260163,0.801769313,0.428565001,0.427944435
245,alpha_2.0_temp_1.0,2,1,42,4100,0.97713476,1.5463449,1,1.839135333,0.800918444,0.430084384,0.427452955
246,alpha_2.0_temp_1.0,2,1,42,4200,0.96776015,1.550196,1,1.827511176,0.801584366,0.429254746,0.43231904
247,alpha_2.0_temp_1.0,2,1,42,4300,0.9564027,1.5652354,1,1.820685792,0.80185083,0.42825919,0.43112615
248,alpha_2.0_temp_1.0,2,1,42,4400,0.9444479,1.573989,1,1.831824327,0.800697405,0.431106196,0.422864725
249,alpha_2.0_temp_1.0,2,1,42,4500,0.93740016,1.585057,1,1.831265959,0.801646626,0.430689476,0.435769547
250,alpha_2.0_temp_1.0,2,1,42,4600,0.92525804,1.5844489,1,1.828830255,0.800006628,0.43232149,0.429433728
251,alpha_2.0_temp_1.0,2,1,42,4700,0.9159652,1.5878853,1,1.838834925,0.801240084,0.430827381,0.431625494
252,alpha_2.0_temp_1.0,2,1,42,4800,0.9062762,1.5998712,1,1.824850859,0.800614615,0.427465141,0.428713591
253,alpha_2.0_temp_1.0,2,1,42,4900,0.8963428,1.6104583,1,1.833415255,0.800651717,0.431437945,0.43004884
254,alpha_2.0_temp_1.0,2,1,42,4999,0.8904755,1.6151023,1,1.82935448721803000,0.80166003254552600,0.43002076114714100,0.42667229129870700
153,alpha_2.0_temp_1.0,2,1,43,0,4.3463573,4.346958,1,1.354568772,0.610168992,0.215932132,0.348940174
154,alpha_2.0_temp_1.0,2,1,43,100,2.4375792,2.4578476,1,1.737457243,0.822390247,0.436745225,0.501005947
155,alpha_2.0_temp_1.0,2,1,43,200,2.2080674,2.2429936,1,1.71393733,0.806067121,0.439799686,0.488585892
156,alpha_2.0_temp_1.0,2,1,43,300,1.9682038,2.0597131,1,1.69051778,0.816917144,0.420649871,0.482235237
157,alpha_2.0_temp_1.0,2,1,43,400,1.759353,1.9065896,1,1.690744387,0.821084243,0.419919676,0.485276753
158,alpha_2.0_temp_1.0,2,1,43,500,1.6304289,1.8038989,1,1.711219956,0.823576379,0.422933112,0.483617913
159,alpha_2.0_temp_1.0,2,1,43,600,1.5469189,1.7259033,1,1.712977397,0.822746271,0.428605873,0.482845125
160,alpha_2.0_temp_1.0,2,1,43,700,1.4809408,1.6699058,1,1.708814523,0.821047426,0.424560372,0.476302263
161,alpha_2.0_temp_1.0,2,1,43,800,1.4315171,1.6285205,1,1.703052926,0.823030058,0.423171905,0.481408442
162,alpha_2.0_temp_1.0,2,1,43,900,1.3941132,1.6013916,1,1.694859941,0.820129601,0.419366286,0.471371028
163,alpha_2.0_temp_1.0,2,1,43,1000,1.3589962,1.568303,1,1.694322161,0.819619477,0.429177114,0.47544754
164,alpha_2.0_temp_1.0,2,1,43,1100,1.3338937,1.5557207,1,1.699685437,0.817066472,0.428036246,0.477860889
165,alpha_2.0_temp_1.0,2,1,43,1200,1.314562,1.5458018,1,1.673495325,0.816104725,0.423537585,0.467063038
166,alpha_2.0_temp_1.0,2,1,43,1300,1.2911396,1.530905,1,1.695364607,0.816492556,0.425922354,0.473886531
167,alpha_2.0_temp_1.0,2,1,43,1400,1.2744353,1.5188121,1,1.67938467,0.816817572,0.422469313,0.469372559
168,alpha_2.0_temp_1.0,2,1,43,1500,1.2543013,1.5116189,1,1.676876373,0.814674131,0.422555313,0.470199556
169,alpha_2.0_temp_1.0,2,1,43,1600,1.2434988,1.5080981,1,1.692068858,0.814372704,0.428313595,0.475158376
170,alpha_2.0_temp_1.0,2,1,43,1700,1.228818,1.4990423,1,1.678100757,0.813212719,0.417888517,0.467157268
171,alpha_2.0_temp_1.0,2,1,43,1800,1.2134657,1.4939835,1,1.679974936,0.810206357,0.429417263,0.4590964
172,alpha_2.0_temp_1.0,2,1,43,1900,1.200596,1.4894887,1,1.666437298,0.810398013,0.419320694,0.458532126
173,alpha_2.0_temp_1.0,2,1,43,2000,1.1886786,1.4936138,1,1.675499578,0.812632262,0.421728631,0.465297534
174,alpha_2.0_temp_1.0,2,1,43,2100,1.1767662,1.4881641,1,1.678127037,0.811096539,0.424595426,0.459037579
175,alpha_2.0_temp_1.0,2,1,43,2200,1.1662788,1.4924529,1,1.68289122,0.809695032,0.420279706,0.465325925
176,alpha_2.0_temp_1.0,2,1,43,2300,1.1548015,1.4913495,1,1.671092636,0.811211275,0.41919059,0.451194276
177,alpha_2.0_temp_1.0,2,1,43,2400,1.1415358,1.4866394,1,1.668726327,0.810573466,0.412816227,0.449209145
178,alpha_2.0_temp_1.0,2,1,43,2500,1.1328897,1.4953,1,1.66719699,0.809192192,0.410452309,0.451318783
179,alpha_2.0_temp_1.0,2,1,43,2600,1.1224927,1.4897373,1,1.652431474,0.80844433,0.410956652,0.448887388
180,alpha_2.0_temp_1.0,2,1,43,2700,1.1124558,1.4869851,1,1.655830293,0.808592066,0.411232508,0.4478213
181,alpha_2.0_temp_1.0,2,1,43,2800,1.1016601,1.4952981,1,1.656141619,0.808284857,0.413625002,0.452305233
182,alpha_2.0_temp_1.0,2,1,43,2900,1.0927229,1.4986508,1,1.657702519,0.810217554,0.412420863,0.456107154
183,alpha_2.0_temp_1.0,2,1,43,3000,1.0821731,1.5060197,1,1.64347494,0.806959273,0.407350222,0.443255703
184,alpha_2.0_temp_1.0,2,1,43,3100,1.0700582,1.5045992,1,1.666161684,0.807375409,0.409917725,0.44946837
185,alpha_2.0_temp_1.0,2,1,43,3200,1.0614374,1.5109496,1,1.651849358,0.809517532,0.402220528,0.439352306
186,alpha_2.0_temp_1.0,2,1,43,3300,1.0507035,1.5129273,1,1.678137196,0.807996138,0.412960343,0.448875695
187,alpha_2.0_temp_1.0,2,1,43,3400,1.04021,1.5111108,1,1.658679492,0.807176952,0.406735722,0.447210252
188,alpha_2.0_temp_1.0,2,1,43,3500,1.0314976,1.5252295,1,1.668324106,0.808839145,0.402822176,0.443081123
189,alpha_2.0_temp_1.0,2,1,43,3600,1.0202634,1.517371,1,1.674110251,0.806421274,0.409338438,0.445940231
190,alpha_2.0_temp_1.0,2,1,43,3700,1.0096598,1.5313232,1,1.649528116,0.807259374,0.397722743,0.446140347
191,alpha_2.0_temp_1.0,2,1,43,3800,1.000301,1.5302655,1,1.652068478,0.807121415,0.402896759,0.43780269
192,alpha_2.0_temp_1.0,2,1,43,3900,0.9887567,1.5370123,1,1.6525817,0.806646772,0.406523062,0.446615247
193,alpha_2.0_temp_1.0,2,1,43,4000,0.9817107,1.5474538,1,1.641659001,0.804818317,0.394732517,0.431872854
194,alpha_2.0_temp_1.0,2,1,43,4100,0.96770847,1.5474558,1,1.643298663,0.806439517,0.394805423,0.430204326
195,alpha_2.0_temp_1.0,2,1,43,4200,0.96034193,1.5548115,1,1.658640239,0.806974545,0.401842012,0.439098069
196,alpha_2.0_temp_1.0,2,1,43,4300,0.9518103,1.5541956,1,1.636196597,0.805096518,0.393190447,0.425545934
197,alpha_2.0_temp_1.0,2,1,43,4400,0.94030213,1.5659094,1,1.635121552,0.805440624,0.390029232,0.431309522
198,alpha_2.0_temp_1.0,2,1,43,4500,0.9312282,1.5801618,1,1.64466383,0.80481589,0.390671756,0.427376287
199,alpha_2.0_temp_1.0,2,1,43,4600,0.92100036,1.586502,1,1.640577311,0.804850857,0.387146707,0.426970397
200,alpha_2.0_temp_1.0,2,1,43,4700,0.9113788,1.5909077,1,1.650765928,0.804450636,0.390782438,0.426512003
201,alpha_2.0_temp_1.0,2,1,43,4800,0.90256536,1.6043408,1,1.646442386,0.805061307,0.390487709,0.430940103
202,alpha_2.0_temp_1.0,2,1,43,4900,0.8884762,1.6060418,1,1.64563155,0.804663617,0.390102807,0.423345131
203,alpha_2.0_temp_1.0,2,1,43,4999,0.8825074,1.6219866,1,1.641898735,0.805426567,0.387762934,0.42233494
204,alpha_2.0_temp_1.0,2,1,44,0,4.290615,4.2914357,1,1.385470425,0.595872814,0.203580998,0.319610589
205,alpha_2.0_temp_1.0,2,1,44,100,2.4392946,2.4568295,1,1.585336828,0.794757405,0.352054568,0.435580144
206,alpha_2.0_temp_1.0,2,1,44,200,2.2018013,2.2412562,1,1.5416931,0.779649647,0.326529003,0.389265614
207,alpha_2.0_temp_1.0,2,1,44,300,1.9517792,2.0449796,1,1.572640664,0.790374143,0.346831902,0.416018026
208,alpha_2.0_temp_1.0,2,1,44,400,1.7563083,1.901294,1,1.535595463,0.799294224,0.330388436,0.389629782
209,alpha_2.0_temp_1.0,2,1,44,500,1.6303368,1.7998217,1,1.55937552,0.804695811,0.331664435,0.392915068
210,alpha_2.0_temp_1.0,2,1,44,600,1.5400354,1.7288573,1,1.592179618,0.809999804,0.345909234,0.412032148
211,alpha_2.0_temp_1.0,2,1,44,700,1.476165,1.6722627,1,1.563470017,0.807701624,0.33634409,0.403693438
212,alpha_2.0_temp_1.0,2,1,44,800,1.4300569,1.6249181,1,1.578049622,0.805919564,0.333443239,0.399409067
213,alpha_2.0_temp_1.0,2,1,44,900,1.3936558,1.6020854,1,1.582304035,0.807487865,0.339917792,0.409384091
214,alpha_2.0_temp_1.0,2,1,44,1000,1.3644912,1.5742772,1,1.551225653,0.807614805,0.32936427,0.399553934
215,alpha_2.0_temp_1.0,2,1,44,1100,1.3409979,1.5596989,1,1.574131972,0.805075614,0.333784884,0.400353792
216,alpha_2.0_temp_1.0,2,1,44,1200,1.3175017,1.5564201,1,1.538370424,0.806843006,0.327693518,0.398154386
217,alpha_2.0_temp_1.0,2,1,44,1300,1.2969079,1.5348492,1,1.555144974,0.805654259,0.325603161,0.393059795
218,alpha_2.0_temp_1.0,2,1,44,1400,1.2802839,1.5212944,1,1.534215057,0.806625424,0.32327529,0.396210864
219,alpha_2.0_temp_1.0,2,1,44,1500,1.2632412,1.5167645,1,1.517761847,0.806254171,0.320776828,0.391326448
220,alpha_2.0_temp_1.0,2,1,44,1600,1.249459,1.5176396,1,1.533964128,0.804415999,0.326862743,0.394006725
221,alpha_2.0_temp_1.0,2,1,44,1700,1.2341756,1.516167,1,1.530102235,0.80687535,0.315919251,0.389022794
222,alpha_2.0_temp_1.0,2,1,44,1800,1.2216731,1.508542,1,1.520140469,0.804373787,0.319328975,0.387341335
223,alpha_2.0_temp_1.0,2,1,44,1900,1.2091645,1.5007361,1,1.512437024,0.804188934,0.316404423,0.391268863
224,alpha_2.0_temp_1.0,2,1,44,2000,1.1952633,1.4991904,1,1.526873841,0.803514745,0.318463323,0.388012459
225,alpha_2.0_temp_1.0,2,1,44,2100,1.1849684,1.497405,1,1.529227031,0.803978985,0.313828372,0.385981646
226,alpha_2.0_temp_1.0,2,1,44,2200,1.1767119,1.4949907,1,1.508366417,0.801527202,0.312718878,0.380160624
227,alpha_2.0_temp_1.0,2,1,44,2300,1.1662937,1.4924948,1,1.511921177,0.8037768,0.313877399,0.386722266
228,alpha_2.0_temp_1.0,2,1,44,2400,1.1533735,1.5000587,1,1.495955879,0.802308065,0.309591831,0.375480184
229,alpha_2.0_temp_1.0,2,1,44,2500,1.1454048,1.5055584,1,1.507581311,0.805232443,0.313018447,0.383792235
230,alpha_2.0_temp_1.0,2,1,44,2600,1.1294109,1.4993036,1,1.5121132,0.803732603,0.315799101,0.384999341
231,alpha_2.0_temp_1.0,2,1,44,2700,1.1217147,1.5016057,1,1.512059536,0.802680593,0.309091226,0.378805466
232,alpha_2.0_temp_1.0,2,1,44,2800,1.1119314,1.497888,1,1.499532412,0.803752389,0.311692963,0.374373472
233,alpha_2.0_temp_1.0,2,1,44,2900,1.1011118,1.5059805,1,1.503163078,0.801219092,0.310316332,0.373679217
234,alpha_2.0_temp_1.0,2,1,44,3000,1.0916526,1.5057385,1,1.504443095,0.801780512,0.311138486,0.371561653
235,alpha_2.0_temp_1.0,2,1,44,3100,1.080585,1.5042212,1,1.502783696,0.80266897,0.307764755,0.371630325
236,alpha_2.0_temp_1.0,2,1,44,3200,1.0719318,1.506155,1,1.501218479,0.804260196,0.31002151,0.36922172
237,alpha_2.0_temp_1.0,2,1,44,3300,1.0595398,1.5150356,1,1.492742734,0.802529078,0.30426822,0.367432465
238,alpha_2.0_temp_1.0,2,1,44,3400,1.050842,1.51648,1,1.499942859,0.802626046,0.309035722,0.373594247
239,alpha_2.0_temp_1.0,2,1,44,3500,1.044684,1.5254201,1,1.49617825,0.801182381,0.307104674,0.369896565
240,alpha_2.0_temp_1.0,2,1,44,3600,1.0316408,1.5282525,1,1.503553639,0.801492568,0.307941817,0.367587467
241,alpha_2.0_temp_1.0,2,1,44,3700,1.0220004,1.5317605,1,1.502371898,0.801897366,0.310293623,0.371549526
242,alpha_2.0_temp_1.0,2,1,44,3800,1.0131782,1.5387038,1,1.508898847,0.800629477,0.309321812,0.368444951
243,alpha_2.0_temp_1.0,2,1,44,3900,1.0017636,1.5447232,1,1.490503117,0.799773014,0.302702986,0.35731115
244,alpha_2.0_temp_1.0,2,1,44,4000,0.9923082,1.5492872,1,1.496706445,0.801166953,0.305643961,0.362289972
245,alpha_2.0_temp_1.0,2,1,44,4100,0.98230284,1.548755,1,1.500136802,0.801311516,0.306349679,0.362840346
246,alpha_2.0_temp_1.0,2,1,44,4200,0.97142214,1.5544473,1,1.483057648,0.799595432,0.30293313,0.353802242
247,alpha_2.0_temp_1.0,2,1,44,4300,0.9605213,1.5598358,1,1.496206813,0.800358088,0.304724382,0.360014091
248,alpha_2.0_temp_1.0,2,1,44,4400,0.9504213,1.5735395,1,1.494167405,0.799871629,0.303876489,0.360421757
249,alpha_2.0_temp_1.0,2,1,44,4500,0.9387259,1.5841377,1,1.491242255,0.7987796,0.306730468,0.361767287
250,alpha_2.0_temp_1.0,2,1,44,4600,0.93004405,1.5792098,1,1.488325889,0.79986065,0.303281954,0.358158155
251,alpha_2.0_temp_1.0,2,1,44,4700,0.9217848,1.5980757,1,1.471696164,0.798787192,0.297344171,0.34746813
252,alpha_2.0_temp_1.0,2,1,44,4800,0.91072965,1.5986339,1,1.49660825,0.799156598,0.304878889,0.355403914
253,alpha_2.0_temp_1.0,2,1,44,4900,0.89769787,1.6007575,1,1.484775275,0.799208117,0.303616668,0.35009669
254,alpha_2.0_temp_1.0,2,1,44,4999,0.8913054,1.6089517,1,1.488623341,0.799658902,0.29909574,0.34836703
0,alpha_2.0_temp_1.0,2,1,45,0,4.3411365,4.335678,1,1.375653084,0.596832993,0.216769688,0.331123588
1,alpha_2.0_temp_1.0,2,1,45,100,2.4351408,2.4517434,1,1.72862349,0.812070247,0.461838929,0.590758462
2,alpha_2.0_temp_1.0,2,1,45,200,2.195747,2.2351072,1,1.720241475,0.805300624,0.457265929,0.550012077
3,alpha_2.0_temp_1.0,2,1,45,300,1.9636801,2.0541816,1,1.672928226,0.810052355,0.437619561,0.511703586
4,alpha_2.0_temp_1.0,2,1,45,400,1.755604,1.9063413,1,1.63871683,0.814483058,0.427207672,0.48189137
5,alpha_2.0_temp_1.0,2,1,45,500,1.622032,1.789112,1,1.655465255,0.811799372,0.434566574,0.482264749
6,alpha_2.0_temp_1.0,2,1,45,600,1.5370274,1.7196031,1,1.651409392,0.810698928,0.433754489,0.467714615
7,alpha_2.0_temp_1.0,2,1,45,700,1.4766885,1.6694419,1,1.666872954,0.806944287,0.429394584,0.469403718
8,alpha_2.0_temp_1.0,2,1,45,800,1.4321611,1.626921,1,1.648950861,0.805942308,0.429052165,0.460841581
9,alpha_2.0_temp_1.0,2,1,45,900,1.3960766,1.6052951,1,1.628886703,0.804771803,0.425982984,0.460566334
10,alpha_2.0_temp_1.0,2,1,45,1000,1.3632944,1.5820405,1,1.638640354,0.804247251,0.425216372,0.458467541
11,alpha_2.0_temp_1.0,2,1,45,1100,1.341258,1.5667002,1,1.629333186,0.802924958,0.421015338,0.45177088
12,alpha_2.0_temp_1.0,2,1,45,1200,1.3136185,1.5507901,1,1.615120285,0.803063298,0.422713591,0.451826914
13,alpha_2.0_temp_1.0,2,1,45,1300,1.2961336,1.5380105,1,1.611719555,0.802010428,0.419674871,0.444565729
14,alpha_2.0_temp_1.0,2,1,45,1400,1.2767015,1.5278403,1,1.60469447,0.804028868,0.411279655,0.44689089
15,alpha_2.0_temp_1.0,2,1,45,1500,1.2631638,1.5220647,1,1.643033519,0.798890582,0.41704688,0.449595851
16,alpha_2.0_temp_1.0,2,1,45,1600,1.2471882,1.5178065,1,1.62783792,0.799285738,0.418494594,0.451670448
17,alpha_2.0_temp_1.0,2,1,45,1700,1.229619,1.5131414,1,1.618075668,0.801811178,0.412322284,0.444330768
18,alpha_2.0_temp_1.0,2,1,45,1800,1.218063,1.5066272,1,1.632605333,0.799196241,0.414345667,0.444141231
19,alpha_2.0_temp_1.0,2,1,45,1900,1.206907,1.5102898,1,1.613354541,0.800376774,0.407412386,0.442113891
20,alpha_2.0_temp_1.0,2,1,45,2000,1.1937486,1.5091923,1,1.617459394,0.799653282,0.411257946,0.446039346
21,alpha_2.0_temp_1.0,2,1,45,2100,1.1806716,1.5028787,1,1.624886973,0.799251846,0.424966687,0.450743763
22,alpha_2.0_temp_1.0,2,1,45,2200,1.1699928,1.4992661,1,1.621145247,0.797645401,0.417443206,0.447646442
23,alpha_2.0_temp_1.0,2,1,45,2300,1.1613926,1.4980835,1,1.614556995,0.799020009,0.411175001,0.441222709
24,alpha_2.0_temp_1.0,2,1,45,2400,1.1472968,1.4954244,1,1.608164046,0.796940828,0.414629582,0.446542021
25,alpha_2.0_temp_1.0,2,1,45,2500,1.140166,1.5017551,1,1.613867084,0.796942474,0.401467928,0.436594609
26,alpha_2.0_temp_1.0,2,1,45,2600,1.1278856,1.5073434,1,1.629197293,0.797423849,0.417917853,0.445329602
27,alpha_2.0_temp_1.0,2,1,45,2700,1.1180439,1.5067891,1,1.618030462,0.796027519,0.407678582,0.432464782
28,alpha_2.0_temp_1.0,2,1,45,2800,1.1078591,1.502748,1,1.612933511,0.797343192,0.40609849,0.435409887
29,alpha_2.0_temp_1.0,2,1,45,2900,1.0965393,1.5066471,1,1.620977455,0.795740292,0.40647814,0.437775954
30,alpha_2.0_temp_1.0,2,1,45,3000,1.0877166,1.5075395,1,1.618587917,0.796687145,0.414112341,0.441843267
31,alpha_2.0_temp_1.0,2,1,45,3100,1.076884,1.5117942,1,1.628313914,0.795684905,0.413641265,0.440517832
32,alpha_2.0_temp_1.0,2,1,45,3200,1.067643,1.5191628,1,1.625911168,0.793773173,0.41349385,0.44318025
33,alpha_2.0_temp_1.0,2,1,45,3300,1.0593714,1.5198486,1,1.62228983,0.794172878,0.411069785,0.440593535
34,alpha_2.0_temp_1.0,2,1,45,3400,1.0483284,1.5212924,1,1.600962022,0.793792167,0.406295793,0.435369622
35,alpha_2.0_temp_1.0,2,1,45,3500,1.0377896,1.5232073,1,1.606655382,0.792904446,0.399697617,0.428961549
36,alpha_2.0_temp_1.0,2,1,45,3600,1.0290145,1.5330914,1,1.595758767,0.7940589,0.405623703,0.43190925
37,alpha_2.0_temp_1.0,2,1,45,3700,1.0195334,1.5398653,1,1.611180622,0.792690042,0.409933733,0.438221565
38,alpha_2.0_temp_1.0,2,1,45,3800,1.011395,1.5459386,1,1.627183666,0.792743141,0.409194477,0.439775906
39,alpha_2.0_temp_1.0,2,1,45,3900,1.0004673,1.537614,1,1.618267041,0.792142081,0.408367766,0.436921886
40,alpha_2.0_temp_1.0,2,1,45,4000,0.9903793,1.5536264,1,1.609282207,0.792457906,0.40166244,0.428585009
41,alpha_2.0_temp_1.0,2,1,45,4100,0.98187363,1.557305,1,1.606985476,0.791965907,0.400900698,0.431851927
42,alpha_2.0_temp_1.0,2,1,45,4200,0.97215587,1.5621555,1,1.620998445,0.792318506,0.410751548,0.435847761
43,alpha_2.0_temp_1.0,2,1,45,4300,0.96269375,1.5739816,1,1.611430165,0.791520687,0.401366829,0.428030467
44,alpha_2.0_temp_1.0,2,1,45,4400,0.95258594,1.5740204,1,1.597172195,0.792187723,0.402053606,0.423720877
45,alpha_2.0_temp_1.0,2,1,45,4500,0.9441873,1.5784771,1,1.609942479,0.790886946,0.40457759,0.428663168
46,alpha_2.0_temp_1.0,2,1,45,4600,0.9364568,1.5847999,1,1.613446901,0.790621916,0.405161332,0.430970433
47,alpha_2.0_temp_1.0,2,1,45,4700,0.92329055,1.584928,1,1.611686407,0.791584279,0.402394878,0.42764389
48,alpha_2.0_temp_1.0,2,1,45,4800,0.9146595,1.5998614,1,1.598913408,0.790427031,0.395683124,0.423824002
49,alpha_2.0_temp_1.0,2,1,45,4900,0.9099311,1.6069688,1,1.589836884,0.789608346,0.395308174,0.420815926
50,alpha_2.0_temp_1.0,2,1,45,4999,0.89673245,1.6151853,1,1.620624308,0.788377043,0.401893775,0.430070943
51,alpha_2.0_temp_1.0,2,1,46,0,4.4017925,4.4017177,1,1.323109608,0.592578245,0.200870363,0.306616082
52,alpha_2.0_temp_1.0,2,1,46,100,2.4484541,2.4643028,1,1.592153508,0.811300811,0.365740029,0.423757436
53,alpha_2.0_temp_1.0,2,1,46,200,2.2084384,2.2427595,1,1.670541241,0.789174453,0.363491512,0.446261212
54,alpha_2.0_temp_1.0,2,1,46,300,1.9522258,2.051101,1,1.69454363,0.797657195,0.374736402,0.446202282
55,alpha_2.0_temp_1.0,2,1,46,400,1.7572392,1.9014314,1,1.638735054,0.801998389,0.364563939,0.417602686
56,alpha_2.0_temp_1.0,2,1,46,500,1.6226352,1.7849324,1,1.655344624,0.799911771,0.372319725,0.424599656
57,alpha_2.0_temp_1.0,2,1,46,600,1.5383418,1.7147685,1,1.62329561,0.798174604,0.380636517,0.420149954
58,alpha_2.0_temp_1.0,2,1,46,700,1.4757032,1.6527656,1,1.618350825,0.799723748,0.373903193,0.42333279
59,alpha_2.0_temp_1.0,2,1,46,800,1.4297645,1.6215701,1,1.629116646,0.796454153,0.379067012,0.413424089
60,alpha_2.0_temp_1.0,2,1,46,900,1.3936819,1.5918742,1,1.626587311,0.796371237,0.386086856,0.429335613
61,alpha_2.0_temp_1.0,2,1,46,1000,1.3616384,1.5706753,1,1.607525859,0.792923989,0.375264837,0.416612799
62,alpha_2.0_temp_1.0,2,1,46,1100,1.3339783,1.553591,1,1.602375792,0.79251496,0.374611678,0.412782643
63,alpha_2.0_temp_1.0,2,1,46,1200,1.3113706,1.5396558,1,1.631610695,0.793221184,0.384581039,0.42949408
64,alpha_2.0_temp_1.0,2,1,46,1300,1.2930354,1.5175754,1,1.61197577,0.790481115,0.378494592,0.414654432
65,alpha_2.0_temp_1.0,2,1,46,1400,1.275323,1.5201296,1,1.59381964,0.78929489,0.372379956,0.409097292
66,alpha_2.0_temp_1.0,2,1,46,1500,1.2586607,1.511438,1,1.594636488,0.788474985,0.368017459,0.404322394
67,alpha_2.0_temp_1.0,2,1,46,1600,1.2416389,1.503008,1,1.625134793,0.786183687,0.378000319,0.411553617
68,alpha_2.0_temp_1.0,2,1,46,1700,1.2279091,1.4945832,1,1.602012972,0.788154204,0.371433852,0.40928458
69,alpha_2.0_temp_1.0,2,1,46,1800,1.2150456,1.4968987,1,1.612233934,0.785966678,0.367048648,0.402592381
70,alpha_2.0_temp_1.0,2,1,46,1900,1.20322,1.4947917,1,1.610186762,0.783286188,0.367555236,0.401836719
71,alpha_2.0_temp_1.0,2,1,46,2000,1.1874337,1.4912813,1,1.611203411,0.782658452,0.374511534,0.405925555
72,alpha_2.0_temp_1.0,2,1,46,2100,1.1787378,1.4873252,1,1.611604982,0.783086773,0.369801509,0.397634671
73,alpha_2.0_temp_1.0,2,1,46,2200,1.1661794,1.489766,1,1.629569276,0.784801669,0.37260202,0.40789784
74,alpha_2.0_temp_1.0,2,1,46,2300,1.1526719,1.4904145,1,1.619168656,0.783376567,0.371007799,0.407058187
75,alpha_2.0_temp_1.0,2,1,46,2400,1.1443638,1.4926654,1,1.617442706,0.781847852,0.366860955,0.398031432
76,alpha_2.0_temp_1.0,2,1,46,2500,1.1337146,1.49229,1,1.618157844,0.780317546,0.368259844,0.397227194
77,alpha_2.0_temp_1.0,2,1,46,2600,1.1200398,1.4971187,1,1.626300601,0.779887843,0.365190333,0.393423203
78,alpha_2.0_temp_1.0,2,1,46,2700,1.1105351,1.492938,1,1.59505029,0.781197317,0.364606444,0.394280981
79,alpha_2.0_temp_1.0,2,1,46,2800,1.1010205,1.5023342,1,1.62218207,0.778989902,0.364989976,0.396206564
80,alpha_2.0_temp_1.0,2,1,46,2900,1.0897301,1.5053545,1,1.635289191,0.782606079,0.370102089,0.401899459
81,alpha_2.0_temp_1.0,2,1,46,3000,1.0810547,1.5039837,1,1.622739975,0.781528104,0.367191499,0.392946859
82,alpha_2.0_temp_1.0,2,1,46,3100,1.0691719,1.5109076,1,1.635676953,0.779266106,0.368829283,0.396181917
83,alpha_2.0_temp_1.0,2,1,46,3200,1.0603132,1.5165538,1,1.628711316,0.781773391,0.369601993,0.402898067
84,alpha_2.0_temp_1.0,2,1,46,3300,1.0501024,1.5201062,1,1.614693284,0.777723922,0.358664409,0.380786209
85,alpha_2.0_temp_1.0,2,1,46,3400,1.0405791,1.5311172,1,1.625383562,0.779739383,0.361248141,0.390755534
86,alpha_2.0_temp_1.0,2,1,46,3500,1.0301813,1.5312153,1,1.608342334,0.776148607,0.361327975,0.386751691
87,alpha_2.0_temp_1.0,2,1,46,3600,1.0191928,1.5358336,1,1.61378351,0.777363304,0.364282218,0.38538453
88,alpha_2.0_temp_1.0,2,1,46,3700,1.008777,1.5355779,1,1.617309431,0.777544826,0.361605068,0.387338646
89,alpha_2.0_temp_1.0,2,1,46,3800,0.99915284,1.5444806,1,1.619699938,0.778002912,0.360181838,0.386551394
90,alpha_2.0_temp_1.0,2,1,46,3900,0.99091846,1.5543504,1,1.619569489,0.777615599,0.359145197,0.381898814
91,alpha_2.0_temp_1.0,2,1,46,4000,0.9790055,1.5573994,1,1.619770245,0.778100208,0.361603198,0.385358388
92,alpha_2.0_temp_1.0,2,1,46,4100,0.9670366,1.5623807,1,1.617347246,0.775388275,0.361240071,0.384008756
93,alpha_2.0_temp_1.0,2,1,46,4200,0.95802414,1.5689849,1,1.622479371,0.774693417,0.361064703,0.377092996
94,alpha_2.0_temp_1.0,2,1,46,4300,0.9496941,1.5755852,1,1.628784864,0.776888582,0.362973658,0.389365436
95,alpha_2.0_temp_1.0,2,1,46,4400,0.94164747,1.5854061,1,1.626196491,0.775173073,0.358517961,0.383584833
96,alpha_2.0_temp_1.0,2,1,46,4500,0.9292483,1.587629,1,1.61884215,0.772774998,0.355746203,0.376893923
97,alpha_2.0_temp_1.0,2,1,46,4600,0.9186599,1.5993496,1,1.624809165,0.776621636,0.358718943,0.385785027
98,alpha_2.0_temp_1.0,2,1,46,4700,0.90666616,1.6040628,1,1.622888895,0.774192751,0.357756652,0.376412996
99,alpha_2.0_temp_1.0,2,1,46,4800,0.89813584,1.6140007,1,1.619274586,0.774032152,0.359139039,0.382557067
100,alpha_2.0_temp_1.0,2,1,46,4900,0.88788414,1.624274,1,1.618816137,0.773013381,0.358915341,0.374885046
101,alpha_2.0_temp_1.0,2,1,46,4999,0.8778003,1.633917,1,1.610354938,0.772549343,0.350447988,0.371726574
255,alpha_2.0_temp_10.0,2,10,42,0,4.2580695,4.2592354,1,1.010611536,0.209222798,0.01066452,0.082829053
256,alpha_2.0_temp_10.0,2,10,42,100,2.4422345,2.4556844,1,1.124299979,0.280679152,0.07225576,0.180853045
257,alpha_2.0_temp_10.0,2,10,42,200,2.2368462,2.2672422,1,1.125417417,0.303417238,0.07783937,0.190510095
258,alpha_2.0_temp_10.0,2,10,42,300,1.9871325,2.064061,1,1.157968922,0.32621144,0.099482467,0.206716093
259,alpha_2.0_temp_10.0,2,10,42,400,1.7949417,1.928649,1,1.151866607,0.348845275,0.099124269,0.196729879
260,alpha_2.0_temp_10.0,2,10,42,500,1.6555434,1.829701,1,1.151337283,0.362039312,0.107882357,0.18747936
261,alpha_2.0_temp_10.0,2,10,42,600,1.5593741,1.735508,1,1.13423847,0.373542347,0.104222846,0.168949803
262,alpha_2.0_temp_10.0,2,10,42,700,1.4931357,1.6764407,1,1.153276954,0.37963274,0.108646736,0.160219286
263,alpha_2.0_temp_10.0,2,10,42,800,1.4450654,1.636076,1,1.164396714,0.385669929,0.113510897,0.158783156
264,alpha_2.0_temp_10.0,2,10,42,900,1.4027885,1.6043422,1,1.164644826,0.394360713,0.115317007,0.160639347
265,alpha_2.0_temp_10.0,2,10,42,1000,1.3731736,1.5814344,1,1.152115026,0.398890871,0.11117726,0.153399913
266,alpha_2.0_temp_10.0,2,10,42,1100,1.3438286,1.5594695,1,1.159296771,0.402067018,0.114190143,0.160875079
267,alpha_2.0_temp_10.0,2,10,42,1200,1.3155003,1.5375165,1,1.169479886,0.402306404,0.113283049,0.145580743
268,alpha_2.0_temp_10.0,2,10,42,1300,1.2981261,1.532948,1,1.191983518,0.407371411,0.121333554,0.159778575
269,alpha_2.0_temp_10.0,2,10,42,1400,1.2781045,1.5210266,1,1.169014323,0.409660544,0.121820769,0.165161449
270,alpha_2.0_temp_10.0,2,10,42,1500,1.2604738,1.5093082,1,1.168928212,0.411419928,0.11360144,0.149993607
271,alpha_2.0_temp_10.0,2,10,42,1600,1.2436254,1.5100454,1,1.17684188,0.415265673,0.116912193,0.158511978
272,alpha_2.0_temp_10.0,2,10,42,1700,1.2334287,1.4995581,1,1.169791574,0.413675307,0.117189412,0.153345955
273,alpha_2.0_temp_10.0,2,10,42,1800,1.2167207,1.503154,1,1.196389505,0.415323795,0.123741854,0.161538707
274,alpha_2.0_temp_10.0,2,10,42,1900,1.2029331,1.5016626,1,1.180052933,0.417694506,0.113486604,0.149359466
275,alpha_2.0_temp_10.0,2,10,42,2000,1.1921275,1.4929211,1,1.191822497,0.41790736,0.124561922,0.160206699
276,alpha_2.0_temp_10.0,2,10,42,2100,1.1762898,1.4925777,1,1.170501166,0.418723038,0.118205853,0.155809264
277,alpha_2.0_temp_10.0,2,10,42,2200,1.1665792,1.4859934,1,1.184857073,0.420741681,0.12488298,0.154947439
278,alpha_2.0_temp_10.0,2,10,42,2300,1.1541649,1.4876858,1,1.215009773,0.421597826,0.126675427,0.161676465
279,alpha_2.0_temp_10.0,2,10,42,2400,1.1419843,1.4898398,1,1.186874128,0.422754493,0.121590386,0.157459861
280,alpha_2.0_temp_10.0,2,10,42,2500,1.1309118,1.4959553,1,1.193992194,0.423370434,0.129300229,0.162162918
281,alpha_2.0_temp_10.0,2,10,42,2600,1.1219217,1.4943855,1,1.1875097,0.423901451,0.123427676,0.155337577
282,alpha_2.0_temp_10.0,2,10,42,2700,1.109822,1.4916807,1,1.186502397,0.423617387,0.122615605,0.159072128
283,alpha_2.0_temp_10.0,2,10,42,2800,1.1005559,1.4938096,1,1.206888214,0.424248673,0.128077344,0.163950358
284,alpha_2.0_temp_10.0,2,10,42,2900,1.088651,1.5081011,1,1.195936671,0.426299477,0.1245126,0.15856487
285,alpha_2.0_temp_10.0,2,10,42,3000,1.0768211,1.5067565,1,1.196973707,0.425000733,0.125685782,0.162175089
286,alpha_2.0_temp_10.0,2,10,42,3100,1.0674433,1.5061107,1,1.187332568,0.426153328,0.124157082,0.162251731
287,alpha_2.0_temp_10.0,2,10,42,3200,1.0571778,1.515062,1,1.188932192,0.426496475,0.12196459,0.154396465
288,alpha_2.0_temp_10.0,2,10,42,3300,1.0452573,1.5151165,1,1.179283241,0.428842716,0.121196154,0.158957402
289,alpha_2.0_temp_10.0,2,10,42,3400,1.0356184,1.5285989,1,1.17763466,0.427649922,0.120957369,0.157121443
290,alpha_2.0_temp_10.0,2,10,42,3500,1.0229554,1.5309689,1,1.15966558,0.429010424,0.117189212,0.154581073
291,alpha_2.0_temp_10.0,2,10,42,3600,1.0127376,1.5365437,1,1.18816561,0.428380382,0.121575971,0.151324883
292,alpha_2.0_temp_10.0,2,10,42,3700,1.0030206,1.5385535,1,1.198330366,0.429610648,0.127146555,0.161343292
293,alpha_2.0_temp_10.0,2,10,42,3800,0.9916229,1.5504956,1,1.180215475,0.43023482,0.122101159,0.162294785
294,alpha_2.0_temp_10.0,2,10,42,3900,0.9833773,1.5592904,1,1.187081775,0.429549477,0.120930735,0.154456596
295,alpha_2.0_temp_10.0,2,10,42,4000,0.9710239,1.5622922,1,1.191014651,0.430975303,0.122090846,0.163632644
296,alpha_2.0_temp_10.0,2,10,42,4100,0.95997864,1.5648962,1,1.181088068,0.429977342,0.121142962,0.1533171
297,alpha_2.0_temp_10.0,2,10,42,4200,0.9506008,1.5673633,1,1.183644648,0.429480549,0.122802567,0.155918085
298,alpha_2.0_temp_10.0,2,10,42,4300,0.9419043,1.5769264,1,1.188676818,0.429748747,0.120366372,0.151777506
299,alpha_2.0_temp_10.0,2,10,42,4400,0.92567205,1.5886023,1,1.176003729,0.430142349,0.118129166,0.148651949
300,alpha_2.0_temp_10.0,2,10,42,4500,0.91709906,1.6018782,1,1.182919794,0.430582919,0.117452093,0.149322494
301,alpha_2.0_temp_10.0,2,10,42,4600,0.90780103,1.6064358,1,1.182774605,0.430419591,0.120723163,0.152179429
302,alpha_2.0_temp_10.0,2,10,42,4700,0.89577234,1.6025448,1,1.174852575,0.431030017,0.12037459,0.156496716
303,alpha_2.0_temp_10.0,2,10,42,4800,0.8842999,1.6229914,1,1.180345807,0.42996974,0.117094379,0.151251604
304,alpha_2.0_temp_10.0,2,10,42,4900,0.87525594,1.6272401,1,1.176727162,0.431209553,0.118982785,0.153544981
305,alpha_2.0_temp_10.0,2,10,42,4999,0.8664308,1.640806,1,1.18146809659579000,0.43065463051696600,0.12186452087697800,0.15610124911243700
102,alpha_2.0_temp_10.0,2,10,43,0,4.352461,4.352647,1,1.008577286,0.209479966,0.008489686,0.093125292
103,alpha_2.0_temp_10.0,2,10,43,100,2.4467437,2.4630659,1,1.119956742,0.287207439,0.089057515,0.214204881
104,alpha_2.0_temp_10.0,2,10,43,200,2.2285762,2.2524188,1,1.142730653,0.306771935,0.096563354,0.226117422
105,alpha_2.0_temp_10.0,2,10,43,300,1.9877561,2.0625014,1,1.161134484,0.333750751,0.105410178,0.218093735
106,alpha_2.0_temp_10.0,2,10,43,400,1.7885305,1.9246616,1,1.172472637,0.356228939,0.108919225,0.215943002
107,alpha_2.0_temp_10.0,2,10,43,500,1.6518338,1.8146853,1,1.161829231,0.373130636,0.10355706,0.192837418
108,alpha_2.0_temp_10.0,2,10,43,600,1.5648698,1.7432741,1,1.151257794,0.386843593,0.098437875,0.207594981
109,alpha_2.0_temp_10.0,2,10,43,700,1.4928987,1.6772827,1,1.172965395,0.394213073,0.104174423,0.198518283
110,alpha_2.0_temp_10.0,2,10,43,800,1.4426843,1.6404074,1,1.168484861,0.398902749,0.101017818,0.182643798
111,alpha_2.0_temp_10.0,2,10,43,900,1.4016858,1.603897,1,1.169968973,0.40588445,0.106050775,0.186179305
112,alpha_2.0_temp_10.0,2,10,43,1000,1.3646238,1.5712126,1,1.181796184,0.408396625,0.109228746,0.184053644
113,alpha_2.0_temp_10.0,2,10,43,1100,1.336977,1.5536089,1,1.168385285,0.412691021,0.105603281,0.178855737
114,alpha_2.0_temp_10.0,2,10,43,1200,1.3168938,1.5450461,1,1.166752506,0.414856396,0.105390337,0.186375757
115,alpha_2.0_temp_10.0,2,10,43,1300,1.2920259,1.5279634,1,1.166293351,0.418336535,0.106234059,0.18425731
116,alpha_2.0_temp_10.0,2,10,43,1400,1.2731619,1.5106944,1,1.173730305,0.418715806,0.108335662,0.179571006
117,alpha_2.0_temp_10.0,2,10,43,1500,1.2547417,1.5163965,1,1.159500317,0.421575663,0.102787967,0.183722961
118,alpha_2.0_temp_10.0,2,10,43,1600,1.2416518,1.5089251,1,1.168603233,0.423190756,0.102836682,0.184523057
119,alpha_2.0_temp_10.0,2,10,43,1700,1.2268236,1.4964726,1,1.166673853,0.423112408,0.109432831,0.183488136
120,alpha_2.0_temp_10.0,2,10,43,1800,1.2112038,1.4907317,1,1.174593386,0.425493147,0.112149673,0.185130921
121,alpha_2.0_temp_10.0,2,10,43,1900,1.19747,1.4847833,1,1.169910229,0.425683745,0.111684262,0.179484409
122,alpha_2.0_temp_10.0,2,10,43,2000,1.18518,1.4870957,1,1.16852579,0.427101462,0.106454898,0.176609735
123,alpha_2.0_temp_10.0,2,10,43,2100,1.1719095,1.4918398,1,1.183156028,0.428480943,0.114565773,0.181837081
124,alpha_2.0_temp_10.0,2,10,43,2200,1.1641964,1.4933813,1,1.164085995,0.428186567,0.107011969,0.178759843
125,alpha_2.0_temp_10.0,2,10,43,2300,1.1499352,1.4851882,1,1.169186813,0.429377098,0.116666188,0.192256017
126,alpha_2.0_temp_10.0,2,10,43,2400,1.1361951,1.4871997,1,1.175054294,0.429315602,0.114465845,0.180427999
127,alpha_2.0_temp_10.0,2,10,43,2500,1.1262085,1.4927872,1,1.166414242,0.429449734,0.106589933,0.165502931
128,alpha_2.0_temp_10.0,2,10,43,2600,1.1168325,1.4928831,1,1.172492237,0.431661287,0.106501374,0.179541637
129,alpha_2.0_temp_10.0,2,10,43,2700,1.1052732,1.4983368,1,1.171244557,0.432525888,0.106364505,0.174071835
130,alpha_2.0_temp_10.0,2,10,43,2800,1.0960088,1.4923128,1,1.159217529,0.43238517,0.103178145,0.172050878
131,alpha_2.0_temp_10.0,2,10,43,2900,1.0855652,1.4950601,1,1.170732933,0.43310419,0.114309818,0.172608506
132,alpha_2.0_temp_10.0,2,10,43,3000,1.0730175,1.507457,1,1.170695593,0.434994763,0.109272726,0.18160066
133,alpha_2.0_temp_10.0,2,10,43,3100,1.061166,1.5088037,1,1.17049281,0.434133635,0.11354854,0.178248224
134,alpha_2.0_temp_10.0,2,10,43,3200,1.0503258,1.5197446,1,1.16402314,0.43497257,0.107274508,0.17658794
135,alpha_2.0_temp_10.0,2,10,43,3300,1.0425196,1.5103774,1,1.157198577,0.435937077,0.106120634,0.172459236
136,alpha_2.0_temp_10.0,2,10,43,3400,1.0301067,1.5278807,1,1.172694158,0.435764568,0.111643298,0.173025408
137,alpha_2.0_temp_10.0,2,10,43,3500,1.0188509,1.5325632,1,1.167134082,0.437446088,0.112035234,0.177353608
138,alpha_2.0_temp_10.0,2,10,43,3600,1.0074964,1.5311955,1,1.171306406,0.43647587,0.106432571,0.171759125
139,alpha_2.0_temp_10.0,2,10,43,3700,0.9976744,1.5494894,1,1.168175453,0.437026812,0.108753866,0.179924165
140,alpha_2.0_temp_10.0,2,10,43,3800,0.98645616,1.5457321,1,1.187687305,0.436118062,0.116768787,0.179942083
141,alpha_2.0_temp_10.0,2,10,43,3900,0.9748172,1.5532858,1,1.176218539,0.437580823,0.117085137,0.176450572
142,alpha_2.0_temp_10.0,2,10,43,4000,0.9674656,1.5544329,1,1.191028839,0.436285817,0.112619217,0.168453771
143,alpha_2.0_temp_10.0,2,10,43,4100,0.95272404,1.5586724,1,1.173309943,0.436214833,0.10980651,0.165501839
144,alpha_2.0_temp_10.0,2,10,43,4200,0.94371617,1.5704176,1,1.17056303,0.436489172,0.110388889,0.16780714
145,alpha_2.0_temp_10.0,2,10,43,4300,0.9322215,1.5720581,1,1.159331261,0.437609257,0.107276085,0.166175213
146,alpha_2.0_temp_10.0,2,10,43,4400,0.9189528,1.5801809,1,1.174998381,0.436654634,0.112290249,0.170203163
147,alpha_2.0_temp_10.0,2,10,43,4500,0.9154189,1.5916555,1,1.164126796,0.437166075,0.109567253,0.172544215
148,alpha_2.0_temp_10.0,2,10,43,4600,0.90057105,1.6016082,1,1.168603596,0.43873648,0.108337428,0.170712345
149,alpha_2.0_temp_10.0,2,10,43,4700,0.88954246,1.6117047,1,1.180789066,0.439005745,0.115850292,0.173657256
150,alpha_2.0_temp_10.0,2,10,43,4800,0.88125914,1.6285974,1,1.167628283,0.438722371,0.113700601,0.168497329
151,alpha_2.0_temp_10.0,2,10,43,4900,0.8676864,1.6274645,1,1.169841941,0.439418689,0.110189177,0.170245894
152,alpha_2.0_temp_10.0,2,10,43,4999,0.8599533,1.650758,1,1.170970283,0.438377971,0.110508587,0.16610877
153,alpha_2.0_temp_10.0,2,10,44,0,4.2869415,4.2865987,1,1.008397975,0.206733419,0.006887194,0.089876806
154,alpha_2.0_temp_10.0,2,10,44,100,2.4449348,2.4565957,1,1.103249764,0.282490069,0.075912378,0.176311985
155,alpha_2.0_temp_10.0,2,10,44,200,2.2177231,2.2512262,1,1.134287574,0.302765264,0.091061955,0.192776706
156,alpha_2.0_temp_10.0,2,10,44,300,1.9899952,2.0689735,1,1.1411594,0.32723016,0.104413434,0.211525976
157,alpha_2.0_temp_10.0,2,10,44,400,1.8004086,1.9264176,1,1.167050734,0.351163592,0.115371187,0.217644612
158,alpha_2.0_temp_10.0,2,10,44,500,1.666345,1.8287535,1,1.167606984,0.367613438,0.123927899,0.212322534
159,alpha_2.0_temp_10.0,2,10,44,600,1.5694238,1.7570568,1,1.158918794,0.376955388,0.121670007,0.200821768
160,alpha_2.0_temp_10.0,2,10,44,700,1.5008152,1.6888372,1,1.155252783,0.383999109,0.115513774,0.183183636
161,alpha_2.0_temp_10.0,2,10,44,800,1.4477907,1.6488016,1,1.160786026,0.38943509,0.119051585,0.175321248
162,alpha_2.0_temp_10.0,2,10,44,900,1.4060298,1.6139529,1,1.159685736,0.395826271,0.119019812,0.179227282
163,alpha_2.0_temp_10.0,2,10,44,1000,1.3722434,1.5841252,1,1.158606765,0.398862725,0.121243752,0.172067596
164,alpha_2.0_temp_10.0,2,10,44,1100,1.347514,1.5689092,1,1.150358289,0.401197075,0.117166713,0.168574761
165,alpha_2.0_temp_10.0,2,10,44,1200,1.3230461,1.5532287,1,1.173476535,0.402057766,0.122673774,0.166948893
166,alpha_2.0_temp_10.0,2,10,44,1300,1.3029922,1.5436598,1,1.165254022,0.405310711,0.119233584,0.156406393
167,alpha_2.0_temp_10.0,2,10,44,1400,1.279601,1.5298847,1,1.171493117,0.405871514,0.122390911,0.15363299
168,alpha_2.0_temp_10.0,2,10,44,1500,1.2640626,1.5200716,1,1.162607819,0.407496259,0.121356912,0.153399453
169,alpha_2.0_temp_10.0,2,10,44,1600,1.2474903,1.5192566,1,1.179170314,0.407790086,0.131995401,0.15920295
170,alpha_2.0_temp_10.0,2,10,44,1700,1.2332106,1.5140488,1,1.170742925,0.409867234,0.126855816,0.152171017
171,alpha_2.0_temp_10.0,2,10,44,1800,1.2185885,1.5055271,1,1.170250774,0.411293377,0.12366549,0.140645371
172,alpha_2.0_temp_10.0,2,10,44,1900,1.2050006,1.5046581,1,1.163181984,0.412109151,0.119809197,0.145639754
173,alpha_2.0_temp_10.0,2,10,44,2000,1.1924099,1.5048935,1,1.168545192,0.414641545,0.126528238,0.152793086
174,alpha_2.0_temp_10.0,2,10,44,2100,1.1802149,1.4924747,1,1.175275029,0.41364191,0.125272699,0.149122638
175,alpha_2.0_temp_10.0,2,10,44,2200,1.1703987,1.49975,1,1.165445782,0.413411223,0.124540929,0.150844482
176,alpha_2.0_temp_10.0,2,10,44,2300,1.1588247,1.4962207,1,1.171475172,0.416608486,0.125163119,0.144374144
177,alpha_2.0_temp_10.0,2,10,44,2400,1.1459523,1.4938616,1,1.174469499,0.417025818,0.11941818,0.135632648
178,alpha_2.0_temp_10.0,2,10,44,2500,1.1333697,1.4957697,1,1.197910913,0.41687231,0.129549098,0.148791163
179,alpha_2.0_temp_10.0,2,10,44,2600,1.1226431,1.4967927,1,1.177536462,0.418706365,0.128161581,0.145870948
180,alpha_2.0_temp_10.0,2,10,44,2700,1.1157175,1.5043529,1,1.172108459,0.416915208,0.125020852,0.138891219
181,alpha_2.0_temp_10.0,2,10,44,2800,1.1037264,1.5031834,1,1.17653564,0.419829866,0.125950805,0.153276624
182,alpha_2.0_temp_10.0,2,10,44,2900,1.09158,1.5038166,1,1.167138718,0.420116139,0.122429078,0.140001236
183,alpha_2.0_temp_10.0,2,10,44,3000,1.0846722,1.5158994,1,1.170745188,0.421056818,0.125809039,0.144131105
184,alpha_2.0_temp_10.0,2,10,44,3100,1.0718368,1.5077684,1,1.182937535,0.421461204,0.128991772,0.154372691
185,alpha_2.0_temp_10.0,2,10,44,3200,1.060885,1.5131202,1,1.17775767,0.420402577,0.123732124,0.138012192
186,alpha_2.0_temp_10.0,2,10,44,3300,1.0497783,1.5201749,1,1.182636317,0.42182827,0.130573225,0.143028573
187,alpha_2.0_temp_10.0,2,10,44,3400,1.0394566,1.5226156,1,1.17381961,0.422189167,0.127335915,0.142723635
188,alpha_2.0_temp_10.0,2,10,44,3500,1.0314794,1.5207063,1,1.185649974,0.423338698,0.129974996,0.146853373
189,alpha_2.0_temp_10.0,2,10,44,3600,1.0186496,1.5390484,1,1.180501276,0.421984822,0.128733013,0.142729841
190,alpha_2.0_temp_10.0,2,10,44,3700,1.0089931,1.5355264,1,1.184072606,0.423014767,0.130076257,0.143281065
191,alpha_2.0_temp_10.0,2,10,44,3800,0.9978746,1.5504385,1,1.178717107,0.424368449,0.126877985,0.140524841
192,alpha_2.0_temp_10.0,2,10,44,3900,0.99123204,1.5504961,1,1.184558428,0.424011123,0.130216276,0.15038431
193,alpha_2.0_temp_10.0,2,10,44,4000,0.9767185,1.5616138,1,1.182492776,0.423806913,0.126530711,0.136993754
194,alpha_2.0_temp_10.0,2,10,44,4100,0.9651108,1.5597273,1,1.176716177,0.424294277,0.125839537,0.141750736
195,alpha_2.0_temp_10.0,2,10,44,4200,0.9593499,1.5657827,1,1.197604455,0.425928576,0.133080158,0.143462372
196,alpha_2.0_temp_10.0,2,10,44,4300,0.94804734,1.5749207,1,1.18498098,0.425353679,0.125875184,0.140263288
197,alpha_2.0_temp_10.0,2,10,44,4400,0.9350039,1.5787007,1,1.183219308,0.42591854,0.125306937,0.144283583
198,alpha_2.0_temp_10.0,2,10,44,4500,0.92331606,1.6017412,1,1.175588128,0.426977246,0.129514499,0.140676468
199,alpha_2.0_temp_10.0,2,10,44,4600,0.91661656,1.6074075,1,1.181592499,0.427432616,0.128462535,0.134590683
200,alpha_2.0_temp_10.0,2,10,44,4700,0.9045722,1.614156,1,1.170965694,0.426225951,0.1261383,0.136787055
201,alpha_2.0_temp_10.0,2,10,44,4800,0.8957842,1.6195729,1,1.187653425,0.425377592,0.126935943,0.13654864
202,alpha_2.0_temp_10.0,2,10,44,4900,0.88568467,1.6178977,1,1.177107367,0.425382328,0.128426742,0.137795622
203,alpha_2.0_temp_10.0,2,10,44,4999,0.87213683,1.6389647,1,1.179819928,0.426216333,0.125398471,0.136136085
204,alpha_2.0_temp_10.0,2,10,45,0,4.3446484,4.339736,1,1.007566331,0.206583055,0.00674192,0.091958642
205,alpha_2.0_temp_10.0,2,10,45,100,2.4440975,2.4577208,1,1.122037222,0.282434992,0.098117333,0.223388114
206,alpha_2.0_temp_10.0,2,10,45,200,2.2214491,2.2485092,1,1.146739773,0.297738937,0.104733913,0.203649609
207,alpha_2.0_temp_10.0,2,10,45,300,1.9903158,2.0670123,1,1.150739844,0.323033903,0.104935268,0.189196146
208,alpha_2.0_temp_10.0,2,10,45,400,1.7964973,1.9257311,1,1.165947554,0.348130536,0.107662282,0.175882499
209,alpha_2.0_temp_10.0,2,10,45,500,1.6665642,1.8233244,1,1.188323786,0.369767796,0.123155221,0.177793657
210,alpha_2.0_temp_10.0,2,10,45,600,1.5691551,1.7405684,1,1.193665112,0.383980291,0.129778815,0.180595541
211,alpha_2.0_temp_10.0,2,10,45,700,1.49945,1.6821215,1,1.196027258,0.392373589,0.126640481,0.171378825
212,alpha_2.0_temp_10.0,2,10,45,800,1.4477115,1.6370114,1,1.196777903,0.398622546,0.126070396,0.161527404
213,alpha_2.0_temp_10.0,2,10,45,900,1.4082928,1.606937,1,1.191684435,0.404154334,0.122479644,0.159121763
214,alpha_2.0_temp_10.0,2,10,45,1000,1.3718983,1.5768511,1,1.210832476,0.406836356,0.13482548,0.154760418
215,alpha_2.0_temp_10.0,2,10,45,1100,1.3492364,1.5544664,1,1.21520789,0.41040851,0.136140701,0.155259944
216,alpha_2.0_temp_10.0,2,10,45,1200,1.3202298,1.5433241,1,1.202781013,0.413672832,0.128413547,0.153520522
217,alpha_2.0_temp_10.0,2,10,45,1300,1.2985309,1.5296168,1,1.21885439,0.417308675,0.137012986,0.166038316
218,alpha_2.0_temp_10.0,2,10,45,1400,1.2786816,1.5193818,1,1.211485224,0.418160274,0.131785782,0.158693115
219,alpha_2.0_temp_10.0,2,10,45,1500,1.2635014,1.5107234,1,1.218745101,0.420683771,0.133628401,0.153423589
220,alpha_2.0_temp_10.0,2,10,45,1600,1.2473261,1.5061507,1,1.218498627,0.420761529,0.131362455,0.153423155
221,alpha_2.0_temp_10.0,2,10,45,1700,1.2316158,1.5041549,1,1.207305912,0.423514935,0.130110927,0.160882604
222,alpha_2.0_temp_10.0,2,10,45,1800,1.2193147,1.4993172,1,1.225290532,0.425208697,0.136215587,0.157278722
223,alpha_2.0_temp_10.0,2,10,45,1900,1.2075708,1.4969449,1,1.218041936,0.427234462,0.135815416,0.155810234
224,alpha_2.0_temp_10.0,2,10,45,2000,1.1903955,1.494147,1,1.223004949,0.42615026,0.139464539,0.157491957
225,alpha_2.0_temp_10.0,2,10,45,2100,1.1790998,1.4924157,1,1.223424026,0.428207198,0.132639755,0.153506425
226,alpha_2.0_temp_10.0,2,10,45,2200,1.1670703,1.4876167,1,1.216465998,0.42904449,0.132046848,0.153623134
227,alpha_2.0_temp_10.0,2,10,45,2300,1.1548285,1.4881843,1,1.221894013,0.429357443,0.132515956,0.153175319
228,alpha_2.0_temp_10.0,2,10,45,2400,1.1446294,1.4836934,1,1.225292058,0.430103914,0.133045576,0.157254571
229,alpha_2.0_temp_10.0,2,10,45,2500,1.1324672,1.4926158,1,1.217639286,0.429161876,0.133353429,0.153178814
230,alpha_2.0_temp_10.0,2,10,45,2600,1.1223468,1.4943967,1,1.221440177,0.431176838,0.130290196,0.148380263
231,alpha_2.0_temp_10.0,2,10,45,2700,1.1092501,1.4935908,1,1.217805742,0.432058904,0.134397445,0.157781702
232,alpha_2.0_temp_10.0,2,10,45,2800,1.1003214,1.4973671,1,1.206660888,0.433687041,0.123747748,0.144611449
233,alpha_2.0_temp_10.0,2,10,45,2900,1.0895218,1.4988968,1,1.226316374,0.432474274,0.132680621,0.154123016
234,alpha_2.0_temp_10.0,2,10,45,3000,1.0785508,1.496925,1,1.212587267,0.434119468,0.128137225,0.147439384
235,alpha_2.0_temp_10.0,2,10,45,3100,1.0687239,1.5036987,1,1.215298457,0.434281919,0.131428855,0.15656041
236,alpha_2.0_temp_10.0,2,10,45,3200,1.0579909,1.5162488,1,1.222975937,0.434148532,0.13718124,0.158429007
237,alpha_2.0_temp_10.0,2,10,45,3300,1.0484881,1.5077512,1,1.237527079,0.433652836,0.137873675,0.154189421
238,alpha_2.0_temp_10.0,2,10,45,3400,1.0370567,1.5149051,1,1.226273179,0.434117991,0.130369839,0.144748234
239,alpha_2.0_temp_10.0,2,10,45,3500,1.0241367,1.5173259,1,1.226688639,0.433944041,0.134567707,0.145440083
240,alpha_2.0_temp_10.0,2,10,45,3600,1.0147415,1.5235962,1,1.223531763,0.435100214,0.130333923,0.141801067
241,alpha_2.0_temp_10.0,2,10,45,3700,1.0041566,1.5359226,1,1.230464534,0.435460063,0.132416878,0.148567295
242,alpha_2.0_temp_10.0,2,10,45,3800,0.9964398,1.5409281,1,1.221940193,0.434086615,0.130450583,0.137874664
243,alpha_2.0_temp_10.0,2,10,45,3900,0.98384774,1.5427915,1,1.207371892,0.435369357,0.128727088,0.147755138
244,alpha_2.0_temp_10.0,2,10,45,4000,0.97445005,1.5566919,1,1.211345489,0.436856586,0.128550447,0.14396161
245,alpha_2.0_temp_10.0,2,10,45,4100,0.96252835,1.5574306,1,1.212907054,0.437000807,0.127765774,0.141612783
246,alpha_2.0_temp_10.0,2,10,45,4200,0.95336235,1.5679523,1,1.205007817,0.436089212,0.12521042,0.137050458
247,alpha_2.0_temp_10.0,2,10,45,4300,0.9405822,1.568969,1,1.210967128,0.436180259,0.127816585,0.145864921
248,alpha_2.0_temp_10.0,2,10,45,4400,0.9319051,1.5726002,1,1.219822669,0.437941569,0.128572247,0.141655302
249,alpha_2.0_temp_10.0,2,10,45,4500,0.92214257,1.587862,1,1.209887061,0.436684537,0.129207224,0.138408698
250,alpha_2.0_temp_10.0,2,10,45,4600,0.90886617,1.6021255,1,1.196188343,0.435936183,0.126433819,0.140050138
251,alpha_2.0_temp_10.0,2,10,45,4700,0.9022778,1.5934243,1,1.201633318,0.436762451,0.127280569,0.138165219
252,alpha_2.0_temp_10.0,2,10,45,4800,0.8914874,1.6016762,1,1.218690162,0.437378654,0.131945464,0.140573185
253,alpha_2.0_temp_10.0,2,10,45,4900,0.88324547,1.611466,1,1.214243489,0.437418307,0.131920667,0.142547483
254,alpha_2.0_temp_10.0,2,10,45,4999,0.8687925,1.6151748,1,1.210779709,0.437934798,0.131537164,0.145895755
0,alpha_2.0_temp_10.0,2,10,46,0,4.398935,4.3993053,1,1.008480207,0.206801812,0.009021654,0.087653408
1,alpha_2.0_temp_10.0,2,10,46,100,2.4404502,2.455338,1,1.127686892,0.283180645,0.086069252,0.200636741
2,alpha_2.0_temp_10.0,2,10,46,200,2.2061055,2.2346013,1,1.160195489,0.301949844,0.108071423,0.207892838
3,alpha_2.0_temp_10.0,2,10,46,300,1.956033,2.0403383,1,1.17761902,0.330997355,0.108459314,0.190823927
4,alpha_2.0_temp_10.0,2,10,46,400,1.7683982,1.8982456,1,1.195445633,0.36079832,0.11016681,0.200816677
5,alpha_2.0_temp_10.0,2,10,46,500,1.6400279,1.7997712,1,1.194704279,0.376070232,0.107118409,0.192183664
6,alpha_2.0_temp_10.0,2,10,46,600,1.5519257,1.7239709,1,1.190032902,0.388529145,0.121142677,0.190146566
7,alpha_2.0_temp_10.0,2,10,46,700,1.4846977,1.6680025,1,1.215734206,0.395556227,0.124453207,0.196049589
8,alpha_2.0_temp_10.0,2,10,46,800,1.4343351,1.6226844,1,1.225710932,0.402358824,0.132727715,0.187277514
9,alpha_2.0_temp_10.0,2,10,46,900,1.3953855,1.5952739,1,1.197149336,0.408754514,0.125216922,0.173001925
10,alpha_2.0_temp_10.0,2,10,46,1000,1.3632916,1.5723996,1,1.230651921,0.410981513,0.142196173,0.190278383
11,alpha_2.0_temp_10.0,2,10,46,1100,1.3360704,1.5539944,1,1.218764526,0.414926124,0.13707674,0.175462924
12,alpha_2.0_temp_10.0,2,10,46,1200,1.3132877,1.5379691,1,1.241711934,0.416304273,0.141184135,0.168359299
13,alpha_2.0_temp_10.0,2,10,46,1300,1.2927879,1.5233741,1,1.235688672,0.4184373,0.140689551,0.168363593
14,alpha_2.0_temp_10.0,2,10,46,1400,1.2725196,1.5164173,1,1.225778215,0.419859291,0.140087397,0.15379312
15,alpha_2.0_temp_10.0,2,10,46,1500,1.2551273,1.5157381,1,1.23149618,0.424007429,0.14144812,0.163150492
16,alpha_2.0_temp_10.0,2,10,46,1600,1.2387438,1.5045888,1,1.237087779,0.424940774,0.149968198,0.168185893
17,alpha_2.0_temp_10.0,2,10,46,1700,1.2255695,1.4984148,1,1.231960732,0.426275047,0.14574278,0.165012554
18,alpha_2.0_temp_10.0,2,10,46,1800,1.2111065,1.4976318,1,1.238749065,0.428177614,0.150169512,0.160058735
19,alpha_2.0_temp_10.0,2,10,46,1900,1.197378,1.4968013,1,1.226584246,0.428176908,0.145684144,0.158918362
20,alpha_2.0_temp_10.0,2,10,46,2000,1.1833003,1.4890828,1,1.235909246,0.430549489,0.144865541,0.152448322
21,alpha_2.0_temp_10.0,2,10,46,2100,1.1717489,1.4847426,1,1.239755989,0.432697317,0.14918439,0.159416484
22,alpha_2.0_temp_10.0,2,10,46,2200,1.1596161,1.4870371,1,1.234818013,0.432552217,0.148378847,0.158807976
23,alpha_2.0_temp_10.0,2,10,46,2300,1.1463133,1.4928575,1,1.221606775,0.433300231,0.141679144,0.144884241
24,alpha_2.0_temp_10.0,2,10,46,2400,1.1360948,1.4867668,1,1.250235716,0.433865264,0.153795274,0.160888902
25,alpha_2.0_temp_10.0,2,10,46,2500,1.1236507,1.4961077,1,1.236318507,0.435543796,0.150839468,0.156697853
26,alpha_2.0_temp_10.0,2,10,46,2600,1.1119071,1.4987571,1,1.239213824,0.436440225,0.152103493,0.161527826
27,alpha_2.0_temp_10.0,2,10,46,2700,1.1005961,1.5009358,1,1.232047115,0.437807436,0.152134912,0.155293751
28,alpha_2.0_temp_10.0,2,10,46,2800,1.0897379,1.495202,1,1.232507571,0.436846456,0.149150115,0.148651191
29,alpha_2.0_temp_10.0,2,10,46,2900,1.0770737,1.505733,1,1.222454482,0.438081279,0.147246288,0.150681281
30,alpha_2.0_temp_10.0,2,10,46,3000,1.067266,1.5048633,1,1.230583799,0.438946786,0.153562605,0.156349304
31,alpha_2.0_temp_10.0,2,10,46,3100,1.058088,1.5171136,1,1.232362702,0.440067743,0.150628763,0.156132344
32,alpha_2.0_temp_10.0,2,10,46,3200,1.04671,1.5243447,1,1.233187529,0.440402886,0.148759045,0.148077169
33,alpha_2.0_temp_10.0,2,10,46,3300,1.0345458,1.5173596,1,1.237615955,0.441523147,0.15026308,0.145951028
34,alpha_2.0_temp_10.0,2,10,46,3400,1.0233176,1.525749,1,1.229415922,0.441371915,0.150448756,0.153958218
35,alpha_2.0_temp_10.0,2,10,46,3500,1.0125338,1.5197432,1,1.229147453,0.441194285,0.149648777,0.15171671
36,alpha_2.0_temp_10.0,2,10,46,3600,1.0002725,1.5370688,1,1.229057633,0.440590212,0.14960794,0.150813851
37,alpha_2.0_temp_10.0,2,10,46,3700,0.99150527,1.5384233,1,1.227431738,0.441258845,0.153503731,0.150361545
38,alpha_2.0_temp_10.0,2,10,46,3800,0.98016626,1.5584627,1,1.221973935,0.444078704,0.14585013,0.150393082
39,alpha_2.0_temp_10.0,2,10,46,3900,0.96882045,1.5567945,1,1.243279301,0.442181334,0.158695612,0.157504145
40,alpha_2.0_temp_10.0,2,10,46,4000,0.9571653,1.5573046,1,1.226541189,0.441641176,0.156840149,0.1550036
41,alpha_2.0_temp_10.0,2,10,46,4100,0.94807714,1.5726326,1,1.216964585,0.443459363,0.146012783,0.140510179
42,alpha_2.0_temp_10.0,2,10,46,4200,0.93704087,1.570986,1,1.233800937,0.443466231,0.151004169,0.152141315
43,alpha_2.0_temp_10.0,2,10,46,4300,0.9244683,1.5795962,1,1.22640035,0.443318119,0.148961857,0.144925823
44,alpha_2.0_temp_10.0,2,10,46,4400,0.9143247,1.5953138,1,1.228431543,0.443203589,0.151067076,0.144228114
45,alpha_2.0_temp_10.0,2,10,46,4500,0.9032481,1.6002871,1,1.235791411,0.44272317,0.154095593,0.150879345
46,alpha_2.0_temp_10.0,2,10,46,4600,0.8892993,1.6109031,1,1.229240565,0.444387613,0.148772091,0.15098168
47,alpha_2.0_temp_10.0,2,10,46,4700,0.8820722,1.6168125,1,1.235549045,0.444516784,0.153017669,0.151251801
48,alpha_2.0_temp_10.0,2,10,46,4800,0.8702251,1.622935,1,1.237998619,0.444127953,0.153573492,0.152140848
49,alpha_2.0_temp_10.0,2,10,46,4900,0.860427,1.6358935,1,1.237958517,0.444234296,0.154107339,0.157039682
50,alpha_2.0_temp_10.0,2,10,46,4999,0.8479413,1.6396579,1,1.235032632,0.444459541,0.150948781,0.149466641
