Column1,model_key,alpha,temperature,seed,iter,loss_train,loss_val,Expert Utilization,Load Imbalance Ratio,Routing Concentration,Expert Load Variation,Routing Probability CV
306,alpha_2.5_temp_0.5,2.5,0.5,42,0,4.2578015,4.258277,1,1.46986528,0.823717873,0.260296841,0.309583401
307,alpha_2.5_temp_0.5,2.5,0.5,42,100,2.45137,2.4649835,0.979541667,1.936902654,0.975446833,0.568426698,0.584934112
308,alpha_2.5_temp_0.5,2.5,0.5,42,200,2.246328,2.2819927,0.987583333,1.912696953,0.977631515,0.565120161,0.585597649
309,alpha_2.5_temp_0.5,2.5,0.5,42,300,2.0117111,2.089114,0.994166667,1.927473271,0.98044447,0.570060923,0.581507934
310,alpha_2.5_temp_0.5,2.5,0.5,42,400,1.8094599,1.9348613,1,1.934989538,0.984778767,0.56648828,0.579138396
311,alpha_2.5_temp_0.5,2.5,0.5,42,500,1.6690916,1.8316416,1,1.956271848,0.986858016,0.569278315,0.581243854
312,alpha_2.5_temp_0.5,2.5,0.5,42,600,1.5799565,1.7613134,0.999833333,1.947119008,0.987970578,0.573610881,0.58458299
313,alpha_2.5_temp_0.5,2.5,0.5,42,700,1.5130608,1.7067252,0.999875,1.952192199,0.987751455,0.570026049,0.581843207
314,alpha_2.5_temp_0.5,2.5,0.5,42,800,1.4625624,1.6624482,1,1.951868869,0.98695009,0.569153753,0.581940495
315,alpha_2.5_temp_0.5,2.5,0.5,42,900,1.4255422,1.6307414,1,1.959990027,0.98471411,0.568765305,0.580058271
316,alpha_2.5_temp_0.5,2.5,0.5,42,1000,1.3933563,1.6007676,1,1.963746682,0.983643545,0.568042775,0.580091163
317,alpha_2.5_temp_0.5,2.5,0.5,42,1100,1.3650801,1.5823907,1,1.960464674,0.985548252,0.573927093,0.584728893
318,alpha_2.5_temp_0.5,2.5,0.5,42,1200,1.3409512,1.5615346,1,1.957572552,0.982895551,0.568564664,0.580202246
319,alpha_2.5_temp_0.5,2.5,0.5,42,1300,1.3193531,1.5502826,1,1.953950504,0.980715273,0.566787342,0.577385029
320,alpha_2.5_temp_0.5,2.5,0.5,42,1400,1.3058819,1.5395049,1,1.95608758,0.98229735,0.572429643,0.583436906
321,alpha_2.5_temp_0.5,2.5,0.5,42,1500,1.28914,1.5273291,1,1.956888566,0.980621312,0.568661116,0.58089346
322,alpha_2.5_temp_0.5,2.5,0.5,42,1600,1.2737361,1.5168837,1,1.962359427,0.980093109,0.569340146,0.581725344
323,alpha_2.5_temp_0.5,2.5,0.5,42,1700,1.260718,1.5125654,1,1.948628332,0.976142699,0.566178479,0.576243352
324,alpha_2.5_temp_0.5,2.5,0.5,42,1800,1.2459246,1.5082823,1,1.959141583,0.975728894,0.56535528,0.576557208
325,alpha_2.5_temp_0.5,2.5,0.5,42,1900,1.2358301,1.5024244,1,1.979197084,0.97616618,0.570700065,0.581949202
326,alpha_2.5_temp_0.5,2.5,0.5,42,2000,1.2222657,1.499068,1,1.958725405,0.973081304,0.567662928,0.575223434
327,alpha_2.5_temp_0.5,2.5,0.5,42,2100,1.2122632,1.4911846,1,1.989254242,0.970999114,0.572665159,0.577836145
328,alpha_2.5_temp_0.5,2.5,0.5,42,2200,1.202242,1.4872278,1,1.953619412,0.971132157,0.565765156,0.574237517
329,alpha_2.5_temp_0.5,2.5,0.5,42,2300,1.1910161,1.4882832,1,1.979370417,0.9684694,0.568172092,0.572083864
330,alpha_2.5_temp_0.5,2.5,0.5,42,2400,1.1790699,1.4833288,1,1.981817237,0.970903028,0.570481835,0.576006283
331,alpha_2.5_temp_0.5,2.5,0.5,42,2500,1.1722126,1.4844917,1,1.971138365,0.966417211,0.56852275,0.571536605
332,alpha_2.5_temp_0.5,2.5,0.5,42,2600,1.1632975,1.4832112,1,2.004931253,0.966082681,0.57702708,0.579296864
333,alpha_2.5_temp_0.5,2.5,0.5,42,2700,1.1532929,1.4779812,1,1.995108066,0.96580027,0.575142367,0.576921967
334,alpha_2.5_temp_0.5,2.5,0.5,42,2800,1.1442674,1.4773623,1,1.988953017,0.965402612,0.573366238,0.57529593
335,alpha_2.5_temp_0.5,2.5,0.5,42,2900,1.1345632,1.4929419,1,1.996683119,0.961359891,0.574959595,0.572298206
336,alpha_2.5_temp_0.5,2.5,0.5,42,3000,1.1262349,1.4864956,1,1.992141406,0.964596837,0.573989238,0.577666904
337,alpha_2.5_temp_0.5,2.5,0.5,42,3100,1.1171353,1.4813915,1,2.000364835,0.963584844,0.57439388,0.577555336
338,alpha_2.5_temp_0.5,2.5,0.5,42,3200,1.1091192,1.4889072,1,1.984275861,0.963239,0.57207962,0.577456575
339,alpha_2.5_temp_0.5,2.5,0.5,42,3300,1.1012534,1.4887031,1,2.011968985,0.959726404,0.577236363,0.574756896
340,alpha_2.5_temp_0.5,2.5,0.5,42,3400,1.0946987,1.4919536,1,1.999763781,0.960241905,0.575688013,0.577166604
341,alpha_2.5_temp_0.5,2.5,0.5,42,3500,1.0851511,1.4941721,1,2.014726696,0.961159108,0.578109193,0.58104777
342,alpha_2.5_temp_0.5,2.5,0.5,42,3600,1.075419,1.4929001,1,2.021687123,0.959010936,0.580144968,0.58240803
343,alpha_2.5_temp_0.5,2.5,0.5,42,3700,1.0674706,1.4954815,1,2.019475851,0.958174521,0.578656723,0.579192952
344,alpha_2.5_temp_0.5,2.5,0.5,42,3800,1.0602057,1.501522,1,2.008249602,0.95700555,0.577231032,0.575844931
345,alpha_2.5_temp_0.5,2.5,0.5,42,3900,1.0513928,1.5063857,1,2.012268879,0.955185099,0.576611199,0.574885946
346,alpha_2.5_temp_0.5,2.5,0.5,42,4000,1.0442961,1.5056638,1,2.005260271,0.955335308,0.575358857,0.574477832
347,alpha_2.5_temp_0.5,2.5,0.5,42,4100,1.0383534,1.514767,1,2.023801051,0.956268927,0.579168466,0.582040081
348,alpha_2.5_temp_0.5,2.5,0.5,42,4200,1.0372261,1.516873,1,2.018162315,0.957405007,0.578376847,0.576881371
349,alpha_2.5_temp_0.5,2.5,0.5,42,4300,1.0224215,1.517447,1,2.030685174,0.955121101,0.582718885,0.585150265
350,alpha_2.5_temp_0.5,2.5,0.5,42,4400,1.0115058,1.5254599,1,2.02512097,0.954536449,0.58047347,0.584404613
351,alpha_2.5_temp_0.5,2.5,0.5,42,4500,1.007003,1.531255,1,2.020747986,0.954891237,0.579475867,0.579223839
352,alpha_2.5_temp_0.5,2.5,0.5,42,4600,0.9959247,1.5269389,1,2.022861857,0.953692093,0.579143133,0.5807779
353,alpha_2.5_temp_0.5,2.5,0.5,42,4700,0.99024665,1.5415097,1,2.028333478,0.956358946,0.580797412,0.589234623
354,alpha_2.5_temp_0.5,2.5,0.5,42,4800,0.9789536,1.5395107,1,2.023302503,0.95223278,0.578972818,0.582011098
355,alpha_2.5_temp_0.5,2.5,0.5,42,4900,0.972868,1.5473228,1,2.030285539,0.954535194,0.580707702,0.586150232
356,alpha_2.5_temp_0.5,2.5,0.5,42,4999,0.96361965,1.551532,1,2.027282905,0.952678209,0.579899336,0.580604487
0,alpha_2.5_temp_0.5,2.5,0.5,43,0,4.344701,4.345321,1,1.590703475,0.82916534,0.320188543,0.403278805
1,alpha_2.5_temp_0.5,2.5,0.5,43,100,2.447819,2.4691148,1,2.198942751,0.97452485,0.631423572,0.645519958
2,alpha_2.5_temp_0.5,2.5,0.5,43,200,2.2367346,2.270552,1,2.165478802,0.97655008,0.635918773,0.643527548
3,alpha_2.5_temp_0.5,2.5,0.5,43,300,2.005745,2.0868866,1,2.168576788,0.97835637,0.637522219,0.644501606
4,alpha_2.5_temp_0.5,2.5,0.5,43,400,1.8000786,1.9329872,1,2.240145562,0.979254825,0.659983268,0.654158113
5,alpha_2.5_temp_0.5,2.5,0.5,43,500,1.6577684,1.8211538,1,2.268974764,0.980312949,0.667235779,0.656800865
6,alpha_2.5_temp_0.5,2.5,0.5,43,600,1.570387,1.7477931,1,2.302454534,0.98069935,0.676443819,0.662509254
7,alpha_2.5_temp_0.5,2.5,0.5,43,700,1.5028435,1.6917574,1,2.342263598,0.977948833,0.688755523,0.673628966
8,alpha_2.5_temp_0.5,2.5,0.5,43,800,1.4552387,1.6563355,1,2.351145821,0.976504062,0.691232558,0.678403975
9,alpha_2.5_temp_0.5,2.5,0.5,43,900,1.4153969,1.6216539,1,2.375234069,0.976795204,0.696876336,0.678639963
10,alpha_2.5_temp_0.5,2.5,0.5,43,1000,1.3817794,1.5980096,1,2.411639074,0.973574542,0.708726422,0.702503916
11,alpha_2.5_temp_0.5,2.5,0.5,43,1100,1.3541391,1.57851,1,2.409069017,0.972354396,0.708331249,0.699241652
12,alpha_2.5_temp_0.5,2.5,0.5,43,1200,1.3314313,1.5647423,1,2.407888883,0.971343051,0.708219261,0.695997315
13,alpha_2.5_temp_0.5,2.5,0.5,43,1300,1.310711,1.548127,1,2.428794568,0.96887854,0.714769059,0.703178958
14,alpha_2.5_temp_0.5,2.5,0.5,43,1400,1.2927027,1.5395695,1,2.464394812,0.969194386,0.726893586,0.735301572
15,alpha_2.5_temp_0.5,2.5,0.5,43,1500,1.2738984,1.5282102,1,2.445987765,0.965543976,0.720824881,0.716629292
16,alpha_2.5_temp_0.5,2.5,0.5,43,1600,1.2623993,1.5329695,1,2.451799064,0.963198223,0.723888478,0.731409776
17,alpha_2.5_temp_0.5,2.5,0.5,43,1700,1.2481437,1.5203452,1,2.448485561,0.963895076,0.719958823,0.71774236
18,alpha_2.5_temp_0.5,2.5,0.5,43,1800,1.2340337,1.5064479,1,2.45905194,0.960214371,0.725920901,0.728328903
19,alpha_2.5_temp_0.5,2.5,0.5,43,1900,1.2237383,1.5080627,1,2.462624779,0.961395159,0.727388998,0.739860269
20,alpha_2.5_temp_0.5,2.5,0.5,43,2000,1.2110351,1.5091939,1,2.458201181,0.956196547,0.728424061,0.720813865
21,alpha_2.5_temp_0.5,2.5,0.5,43,2100,1.2003864,1.5028995,1,2.45833348,0.955357807,0.728345977,0.726456965
22,alpha_2.5_temp_0.5,2.5,0.5,43,2200,1.1880037,1.5033784,1,2.464136062,0.953993719,0.731134582,0.727649355
23,alpha_2.5_temp_0.5,2.5,0.5,43,2300,1.1792285,1.4963814,1,2.459671007,0.954065331,0.728868304,0.729097155
24,alpha_2.5_temp_0.5,2.5,0.5,43,2400,1.1682352,1.4947917,1,2.46879143,0.957168868,0.734164035,0.75068062
25,alpha_2.5_temp_0.5,2.5,0.5,43,2500,1.1572646,1.501462,1,2.452661891,0.949266985,0.727030827,0.739254255
26,alpha_2.5_temp_0.5,2.5,0.5,43,2600,1.149032,1.5031214,1,2.474291353,0.952539081,0.733852905,0.758934149
27,alpha_2.5_temp_0.5,2.5,0.5,43,2700,1.1392988,1.5001099,1,2.469600046,0.951250904,0.731979369,0.751383912
28,alpha_2.5_temp_0.5,2.5,0.5,43,2800,1.1322439,1.5058726,1,2.474953824,0.949057898,0.735453121,0.748322803
29,alpha_2.5_temp_0.5,2.5,0.5,43,2900,1.1237351,1.5036305,1,2.489262979,0.950430976,0.739271004,0.75859985
30,alpha_2.5_temp_0.5,2.5,0.5,43,3000,1.1115811,1.5000197,1,2.509180588,0.946730951,0.747751516,0.768073481
31,alpha_2.5_temp_0.5,2.5,0.5,43,3100,1.1041472,1.5096942,1,2.517910097,0.94661945,0.750786737,0.778516761
32,alpha_2.5_temp_0.5,2.5,0.5,43,3200,1.0935278,1.5127195,1,2.527098329,0.946395846,0.755976369,0.781089338
33,alpha_2.5_temp_0.5,2.5,0.5,43,3300,1.0871596,1.5074025,1,2.532722362,0.942696539,0.754614402,0.785234372
34,alpha_2.5_temp_0.5,2.5,0.5,43,3400,1.077344,1.5082175,1,2.5345343,0.945237261,0.755569986,0.794578163
35,alpha_2.5_temp_0.5,2.5,0.5,43,3500,1.0678135,1.5188233,1,2.549350751,0.946903473,0.761625303,0.799281962
36,alpha_2.5_temp_0.5,2.5,0.5,43,3600,1.0615524,1.5147845,1,2.51380969,0.943289278,0.750365414,0.77001928
37,alpha_2.5_temp_0.5,2.5,0.5,43,3700,1.0498371,1.5306821,1,2.532185037,0.943285252,0.75574661,0.790622653
38,alpha_2.5_temp_0.5,2.5,0.5,43,3800,1.0427072,1.5280118,1,2.540090563,0.939348339,0.758248834,0.789207331
39,alpha_2.5_temp_0.5,2.5,0.5,43,3900,1.0351592,1.5344043,1,2.54904187,0.941266682,0.762614506,0.792053667
40,alpha_2.5_temp_0.5,2.5,0.5,43,4000,1.0268315,1.5350838,1,2.543632921,0.940871815,0.758117606,0.791850959
41,alpha_2.5_temp_0.5,2.5,0.5,43,4100,1.0175632,1.5368981,1,2.54256859,0.939237481,0.760576743,0.790521278
42,alpha_2.5_temp_0.5,2.5,0.5,43,4200,1.0097928,1.5363079,1,2.564831798,0.943843202,0.76530718,0.805196949
43,alpha_2.5_temp_0.5,2.5,0.5,43,4300,1.0033772,1.5438328,1,2.545053775,0.944048902,0.762255858,0.79595395
44,alpha_2.5_temp_0.5,2.5,0.5,43,4400,0.9931519,1.5504076,1,2.544979169,0.942489902,0.76185949,0.785396492
45,alpha_2.5_temp_0.5,2.5,0.5,43,4500,0.9845172,1.5573097,1,2.536179758,0.943389384,0.758282646,0.800613976
46,alpha_2.5_temp_0.5,2.5,0.5,43,4600,0.9746025,1.5546621,1,2.54545626,0.939217107,0.761523568,0.787938067
47,alpha_2.5_temp_0.5,2.5,0.5,43,4700,0.9662039,1.5679477,1,2.538790717,0.940466926,0.759362636,0.794127482
48,alpha_2.5_temp_0.5,2.5,0.5,43,4800,0.9618351,1.574196,1,2.534367701,0.941565033,0.756832301,0.790370003
49,alpha_2.5_temp_0.5,2.5,0.5,43,4900,0.95340765,1.5718627,1,2.538647692,0.93842207,0.759271057,0.792414149
50,alpha_2.5_temp_0.5,2.5,0.5,43,4999,0.94305825,1.5865735,1,2.542559284,0.938611699,0.761363064,0.796287071
51,alpha_2.5_temp_0.5,2.5,0.5,44,0,4.291215,4.2923665,1,1.61063643,0.82037932,0.304583545,0.376437804
52,alpha_2.5_temp_0.5,2.5,0.5,44,100,2.4455814,2.4602072,0.988625,2.115160662,0.978700711,0.579624902,0.610370987
53,alpha_2.5_temp_0.5,2.5,0.5,44,200,2.2190812,2.2537827,1,2.14187928,0.978955351,0.594718503,0.621265599
54,alpha_2.5_temp_0.5,2.5,0.5,44,300,1.9905713,2.0730197,1,2.086262693,0.983763002,0.591813397,0.605704297
55,alpha_2.5_temp_0.5,2.5,0.5,44,400,1.7960154,1.9216574,1,2.111722295,0.986197359,0.596702384,0.605853982
56,alpha_2.5_temp_0.5,2.5,0.5,44,500,1.6621008,1.8240889,1,2.103072102,0.988373079,0.594526202,0.604524256
57,alpha_2.5_temp_0.5,2.5,0.5,44,600,1.5694393,1.7573028,1,2.118143204,0.989445645,0.600063066,0.606971426
58,alpha_2.5_temp_0.5,2.5,0.5,44,700,1.5053276,1.701897,1,2.118828267,0.988448267,0.596947871,0.604936916
59,alpha_2.5_temp_0.5,2.5,0.5,44,800,1.4612038,1.6595911,1,2.121228924,0.987917704,0.596447756,0.605904794
60,alpha_2.5_temp_0.5,2.5,0.5,44,900,1.4201481,1.6230488,1,2.128703706,0.987267518,0.600090377,0.605377901
61,alpha_2.5_temp_0.5,2.5,0.5,44,1000,1.3898537,1.5954045,1,2.140199679,0.986745618,0.601159142,0.606725245
62,alpha_2.5_temp_0.5,2.5,0.5,44,1100,1.3661733,1.5755012,1,2.133730465,0.987371043,0.599459647,0.60687508
63,alpha_2.5_temp_0.5,2.5,0.5,44,1200,1.3447767,1.5708761,1,2.15354064,0.986306244,0.606721632,0.610640441
64,alpha_2.5_temp_0.5,2.5,0.5,44,1300,1.3234507,1.554417,1,2.168525106,0.98404854,0.611100584,0.613186107
65,alpha_2.5_temp_0.5,2.5,0.5,44,1400,1.3046863,1.5370215,1,2.161610529,0.985163791,0.608893666,0.609976674
66,alpha_2.5_temp_0.5,2.5,0.5,44,1500,1.2902321,1.52547,1,2.17110221,0.98406663,0.615060795,0.616946114
67,alpha_2.5_temp_0.5,2.5,0.5,44,1600,1.2749084,1.5274419,1,2.192451133,0.981943182,0.619617977,0.617692572
68,alpha_2.5_temp_0.5,2.5,0.5,44,1700,1.2618718,1.5186388,1,2.200282614,0.979311108,0.621715076,0.62007049
69,alpha_2.5_temp_0.5,2.5,0.5,44,1800,1.248363,1.516904,1,2.197960073,0.978416142,0.620457498,0.615568191
70,alpha_2.5_temp_0.5,2.5,0.5,44,1900,1.2377415,1.5065327,1,2.192857531,0.975594331,0.621442644,0.616048795
71,alpha_2.5_temp_0.5,2.5,0.5,44,2000,1.2240108,1.5052738,1,2.203857802,0.976275151,0.624743181,0.622592851
72,alpha_2.5_temp_0.5,2.5,0.5,44,2100,1.2148347,1.4961586,1,2.200424531,0.974698097,0.628689133,0.624391813
73,alpha_2.5_temp_0.5,2.5,0.5,44,2200,1.2056971,1.4962099,1,2.192272534,0.974908256,0.627313562,0.618978923
74,alpha_2.5_temp_0.5,2.5,0.5,44,2300,1.1978644,1.4977635,1,2.190331048,0.972069941,0.626629819,0.621298399
75,alpha_2.5_temp_0.5,2.5,0.5,44,2400,1.1867539,1.496481,1,2.164868195,0.970374639,0.621105557,0.613322848
76,alpha_2.5_temp_0.5,2.5,0.5,44,2500,1.1766436,1.4968196,1,2.167651811,0.970684725,0.621493555,0.617037658
77,alpha_2.5_temp_0.5,2.5,0.5,44,2600,1.166055,1.4970146,1,2.191100314,0.968649529,0.632896752,0.627749434
78,alpha_2.5_temp_0.5,2.5,0.5,44,2700,1.1584991,1.4940544,1,2.18425304,0.968297752,0.627302329,0.621616397
79,alpha_2.5_temp_0.5,2.5,0.5,44,2800,1.148757,1.489605,1,2.168074376,0.968924224,0.625472977,0.614125683
80,alpha_2.5_temp_0.5,2.5,0.5,44,2900,1.1393108,1.4886533,1,2.169753874,0.967906542,0.630448293,0.616166456
81,alpha_2.5_temp_0.5,2.5,0.5,44,3000,1.1322029,1.4924167,1,2.181544805,0.965507654,0.629358176,0.619703576
82,alpha_2.5_temp_0.5,2.5,0.5,44,3100,1.1235522,1.4908985,1,2.177713229,0.964459556,0.629005308,0.623187148
83,alpha_2.5_temp_0.5,2.5,0.5,44,3200,1.1161119,1.4924577,1,2.181831496,0.963495021,0.629952819,0.630930233
84,alpha_2.5_temp_0.5,2.5,0.5,44,3300,1.1076657,1.4967966,1,2.173998854,0.963851107,0.626919007,0.621857031
85,alpha_2.5_temp_0.5,2.5,0.5,44,3400,1.1065542,1.4977753,1,2.171042483,0.972967377,0.622727668,0.621630677
86,alpha_2.5_temp_0.5,2.5,0.5,44,3500,1.0933135,1.503729,1,2.16844933,0.969983859,0.621750483,0.622217435
87,alpha_2.5_temp_0.5,2.5,0.5,44,3600,1.0862099,1.5050193,1,2.171736729,0.969382983,0.624433529,0.620828728
88,alpha_2.5_temp_0.5,2.5,0.5,44,3700,1.075539,1.5037698,1,2.173569435,0.966637624,0.629222586,0.622004518
89,alpha_2.5_temp_0.5,2.5,0.5,44,3800,1.0665543,1.5150071,1,2.165948473,0.964620321,0.628841653,0.620148363
90,alpha_2.5_temp_0.5,2.5,0.5,44,3900,1.0586594,1.518405,1,2.164139627,0.962684128,0.627243181,0.620698169
91,alpha_2.5_temp_0.5,2.5,0.5,44,4000,1.0510116,1.5143108,1,2.162322712,0.961437931,0.624575401,0.616128547
92,alpha_2.5_temp_0.5,2.5,0.5,44,4100,1.0400491,1.5173409,1,2.163393327,0.960729735,0.62638159,0.616454306
93,alpha_2.5_temp_0.5,2.5,0.5,44,4200,1.0353829,1.5200416,1,2.164305202,0.95981759,0.625191517,0.617124714
94,alpha_2.5_temp_0.5,2.5,0.5,44,4300,1.0252898,1.528224,1,2.160542122,0.95835058,0.625734411,0.619472953
95,alpha_2.5_temp_0.5,2.5,0.5,44,4400,1.0193877,1.5250089,1,2.163004439,0.957144911,0.627370164,0.619815113
96,alpha_2.5_temp_0.5,2.5,0.5,44,4500,1.0085372,1.5383584,1,2.157520492,0.956792743,0.625644456,0.618845297
97,alpha_2.5_temp_0.5,2.5,0.5,44,4600,1.0016645,1.5402058,1,2.158198272,0.955443438,0.625901789,0.618234118
98,alpha_2.5_temp_0.5,2.5,0.5,44,4700,0.99131805,1.5456494,1,2.155268515,0.958175617,0.629100138,0.620294415
99,alpha_2.5_temp_0.5,2.5,0.5,44,4800,0.9852254,1.5517408,1,2.160614152,0.957211898,0.626115286,0.619426206
100,alpha_2.5_temp_0.5,2.5,0.5,44,4900,0.97695094,1.554441,1,2.168358481,0.953601756,0.628720287,0.623390148
101,alpha_2.5_temp_0.5,2.5,0.5,44,4999,0.96974915,1.5639445,1,2.165107527,0.955227168,0.625487646,0.624755521
102,alpha_2.5_temp_0.5,2.5,0.5,46,0,4.401741,4.4015756,1,1.502207467,0.816162006,0.290476416,0.3562124
103,alpha_2.5_temp_0.5,2.5,0.5,46,100,2.452874,2.4700024,0.993958333,1.960591446,0.979154355,0.577222952,0.587054086
104,alpha_2.5_temp_0.5,2.5,0.5,46,200,2.2303374,2.2627325,0.990625,1.964584734,0.978568024,0.578485644,0.587681561
105,alpha_2.5_temp_0.5,2.5,0.5,46,300,1.9994744,2.0808573,0.9955,1.975823076,0.982299254,0.575770209,0.582081431
106,alpha_2.5_temp_0.5,2.5,0.5,46,400,1.8155664,1.94359,0.984291667,1.966119351,0.983417772,0.576769502,0.578668944
107,alpha_2.5_temp_0.5,2.5,0.5,46,500,1.6827655,1.8369529,0.998541667,1.972807632,0.983228456,0.581582248,0.583521584
108,alpha_2.5_temp_0.5,2.5,0.5,46,600,1.5874474,1.7574214,0.979,1.969649028,0.983110203,0.587160506,0.585987984
109,alpha_2.5_temp_0.5,2.5,0.5,46,700,1.5193971,1.6929044,0.979041667,1.971243256,0.981920243,0.586227432,0.583703935
110,alpha_2.5_temp_0.5,2.5,0.5,46,800,1.4693443,1.648778,0.979458333,1.94758931,0.978648327,0.585065806,0.577649238
111,alpha_2.5_temp_0.5,2.5,0.5,46,900,1.4309349,1.6268245,0.980875,1.9595134,0.978146905,0.590066544,0.579540225
112,alpha_2.5_temp_0.5,2.5,0.5,46,1000,1.3979224,1.5935357,0.979375,1.966575062,0.976458754,0.596826036,0.582255929
113,alpha_2.5_temp_0.5,2.5,0.5,46,1100,1.3703871,1.576197,0.979125,1.985784854,0.974915929,0.598969197,0.580111215
114,alpha_2.5_temp_0.5,2.5,0.5,46,1200,1.3464766,1.5642744,0.979166667,2.00716693,0.970791003,0.604175298,0.58026902
115,alpha_2.5_temp_0.5,2.5,0.5,46,1300,1.3260145,1.5477749,0.979041667,2.017294317,0.968534487,0.611836502,0.584190285
116,alpha_2.5_temp_0.5,2.5,0.5,46,1400,1.3091023,1.5355738,0.97975,2.008489183,0.966762835,0.605393406,0.576607528
117,alpha_2.5_temp_0.5,2.5,0.5,46,1500,1.2942827,1.5262586,0.979083333,2.014286393,0.96649632,0.610063675,0.580438192
118,alpha_2.5_temp_0.5,2.5,0.5,46,1600,1.2773204,1.5253152,0.979041667,2.033147033,0.963154878,0.614750276,0.586603847
119,alpha_2.5_temp_0.5,2.5,0.5,46,1700,1.2630177,1.5092319,0.979,2.038657086,0.962011537,0.615767395,0.586604052
120,alpha_2.5_temp_0.5,2.5,0.5,46,1800,1.2503415,1.5035412,0.978875,2.027688681,0.960172786,0.615260552,0.585473684
121,alpha_2.5_temp_0.5,2.5,0.5,46,1900,1.2375423,1.4997346,0.979083333,2.02447963,0.957626358,0.612737146,0.58686169
122,alpha_2.5_temp_0.5,2.5,0.5,46,2000,1.2265275,1.5018208,0.979041667,2.038498813,0.957774313,0.62093859,0.597041168
123,alpha_2.5_temp_0.5,2.5,0.5,46,2100,1.2156364,1.496269,0.979041667,2.028816095,0.959136714,0.617233616,0.587751287
124,alpha_2.5_temp_0.5,2.5,0.5,46,2200,1.204719,1.49825,0.979166667,2.043262134,0.956865758,0.625161664,0.599740194
125,alpha_2.5_temp_0.5,2.5,0.5,46,2300,1.1929507,1.4898247,0.979041667,2.037774281,0.956502662,0.620480155,0.59760914
126,alpha_2.5_temp_0.5,2.5,0.5,46,2400,1.1856252,1.4909995,0.979,2.045644867,0.953043091,0.620690629,0.604061527
127,alpha_2.5_temp_0.5,2.5,0.5,46,2500,1.1743238,1.4902886,0.979125,2.044713688,0.950876223,0.623164672,0.601975487
128,alpha_2.5_temp_0.5,2.5,0.5,46,2600,1.1628394,1.4894569,0.978958333,2.073707282,0.948067563,0.630476987,0.604380304
129,alpha_2.5_temp_0.5,2.5,0.5,46,2700,1.1555254,1.4949224,0.979083333,2.079617084,0.949111039,0.628944896,0.604555368
130,alpha_2.5_temp_0.5,2.5,0.5,46,2800,1.1475399,1.4954209,0.979,2.106255721,0.949668967,0.637987749,0.606872732
131,alpha_2.5_temp_0.5,2.5,0.5,46,2900,1.1362588,1.4959668,0.979041667,2.094623847,0.945588419,0.634685933,0.612914718
132,alpha_2.5_temp_0.5,2.5,0.5,46,3000,1.1324954,1.487331,0.979041667,2.08672798,0.952735075,0.635538429,0.599621126
133,alpha_2.5_temp_0.5,2.5,0.5,46,3100,1.1215676,1.494369,0.978958333,2.120134601,0.946519801,0.644809544,0.624136698
134,alpha_2.5_temp_0.5,2.5,0.5,46,3200,1.1118857,1.4980091,0.979125,2.102984269,0.945699696,0.638442954,0.612762371
135,alpha_2.5_temp_0.5,2.5,0.5,46,3300,1.1032847,1.4981692,0.979041667,2.113710233,0.945494211,0.639074107,0.617664863
136,alpha_2.5_temp_0.5,2.5,0.5,46,3400,1.0960418,1.5045393,0.979041667,2.114377549,0.941448745,0.641375607,0.617505133
137,alpha_2.5_temp_0.5,2.5,0.5,46,3500,1.0870228,1.5029477,0.979125,2.129730232,0.942957486,0.645816509,0.621482879
138,alpha_2.5_temp_0.5,2.5,0.5,46,3600,1.0772808,1.5064526,0.979083333,2.131117965,0.941058134,0.64454351,0.622900951
139,alpha_2.5_temp_0.5,2.5,0.5,46,3700,1.0691012,1.5014781,0.978958333,2.116316594,0.939512453,0.640573225,0.621499935
140,alpha_2.5_temp_0.5,2.5,0.5,46,3800,1.0617324,1.5103508,0.978958333,2.131985007,0.940648097,0.645518275,0.626556933
141,alpha_2.5_temp_0.5,2.5,0.5,46,3900,1.0557637,1.5190766,0.979083333,2.135162291,0.938748337,0.644231635,0.629276331
142,alpha_2.5_temp_0.5,2.5,0.5,46,4000,1.0460356,1.5128672,0.979,2.135472483,0.938002054,0.64476823,0.628855805
143,alpha_2.5_temp_0.5,2.5,0.5,46,4100,1.0395591,1.523225,0.979125,2.135380258,0.937627673,0.643713054,0.633015521
144,alpha_2.5_temp_0.5,2.5,0.5,46,4200,1.0284116,1.5280868,0.979166667,2.146430433,0.937089696,0.648484112,0.635917483
145,alpha_2.5_temp_0.5,2.5,0.5,46,4300,1.023349,1.5310752,0.979083333,2.156328112,0.936481369,0.651661087,0.641807346
146,alpha_2.5_temp_0.5,2.5,0.5,46,4400,1.0171802,1.5287482,0.979,2.131733284,0.936153004,0.641958403,0.624129387
147,alpha_2.5_temp_0.5,2.5,0.5,46,4500,1.0075461,1.5422938,0.979166667,2.133786538,0.933866224,0.641100827,0.635580054
148,alpha_2.5_temp_0.5,2.5,0.5,46,4600,0.99763155,1.5358474,0.978875,2.143010759,0.935171414,0.644549567,0.637133937
149,alpha_2.5_temp_0.5,2.5,0.5,46,4700,0.9904552,1.5469426,0.979083333,2.134215281,0.934176463,0.643050743,0.641238762
150,alpha_2.5_temp_0.5,2.5,0.5,46,4800,0.9861328,1.5435597,0.979166667,2.143524726,0.935860483,0.649115042,0.633665974
151,alpha_2.5_temp_0.5,2.5,0.5,46,4900,0.97337013,1.5616754,0.979041667,2.148422531,0.935757684,0.650475107,0.63978855
152,alpha_2.5_temp_0.5,2.5,0.5,46,4999,0.96506304,1.5703454,0.979083333,2.149697565,0.934109117,0.649272958,0.640881941
51,alpha_2.5_temp_0.5,2.5,0.5,45,0,4.339285,4.3339496,1,1.564958652,0.820378951,0.313522594,0.386512374
52,alpha_2.5_temp_0.5,2.5,0.5,45,100,2.4440794,2.4585319,0.979416667,2.30818069,0.975740609,0.684556953,0.713268551
53,alpha_2.5_temp_0.5,2.5,0.5,45,200,2.2002563,2.23735,0.9975,2.317856133,0.972238795,0.687303094,0.696135729
54,alpha_2.5_temp_0.5,2.5,0.5,45,300,1.9829767,2.0659385,0.955291667,2.403658336,0.973554346,0.714440344,0.731567727
55,alpha_2.5_temp_0.5,2.5,0.5,45,400,1.7832509,1.9189285,0.988875,2.40063966,0.9728032,0.720164842,0.725195669
56,alpha_2.5_temp_0.5,2.5,0.5,45,500,1.6529173,1.8122448,0.990041667,2.414718597,0.97202106,0.723938118,0.74251156
57,alpha_2.5_temp_0.5,2.5,0.5,45,600,1.5647619,1.7430869,0.971125,2.40989294,0.967494219,0.723106924,0.738170221
58,alpha_2.5_temp_0.5,2.5,0.5,45,700,1.5028632,1.6903335,0.971333333,2.411834401,0.966104033,0.72415264,0.735458833
59,alpha_2.5_temp_0.5,2.5,0.5,45,800,1.456011,1.6473897,0.965791667,2.407225515,0.962645951,0.725972866,0.735668706
60,alpha_2.5_temp_0.5,2.5,0.5,45,900,1.4193889,1.6189356,0.962416667,2.407093184,0.960410357,0.727748951,0.739439467
61,alpha_2.5_temp_0.5,2.5,0.5,45,1000,1.3885441,1.6007735,0.966291667,2.402773493,0.95889923,0.729039236,0.737237388
62,alpha_2.5_temp_0.5,2.5,0.5,45,1100,1.3650026,1.5709424,0.954291667,2.421159356,0.95573945,0.731622801,0.738217981
63,alpha_2.5_temp_0.5,2.5,0.5,45,1200,1.3391042,1.5585711,0.966458333,2.390292245,0.954297769,0.722879691,0.729008176
64,alpha_2.5_temp_0.5,2.5,0.5,45,1300,1.3210475,1.5496887,0.964833333,2.415766614,0.952185666,0.733826323,0.744617442
65,alpha_2.5_temp_0.5,2.5,0.5,45,1400,1.3046315,1.5440522,0.958625,2.441230442,0.9509638,0.740244596,0.753798456
66,alpha_2.5_temp_0.5,2.5,0.5,45,1500,1.289742,1.534629,0.968791667,2.449136573,0.95047085,0.740128926,0.762678053
67,alpha_2.5_temp_0.5,2.5,0.5,45,1600,1.2748201,1.5301821,0.981375,2.446321401,0.952630193,0.74037993,0.768129859
68,alpha_2.5_temp_0.5,2.5,0.5,45,1700,1.2583274,1.5238669,0.955125,2.445226416,0.944822425,0.744941347,0.75924719
69,alpha_2.5_temp_0.5,2.5,0.5,45,1800,1.2485005,1.5147575,0.962541667,2.444661961,0.943615838,0.745960192,0.757559039
70,alpha_2.5_temp_0.5,2.5,0.5,45,1900,1.2369848,1.5129105,0.9565,2.444199036,0.944822334,0.744450495,0.761098039
71,alpha_2.5_temp_0.5,2.5,0.5,45,2000,1.2265416,1.5125791,0.961125,2.463323462,0.942285058,0.754837293,0.765939455
72,alpha_2.5_temp_0.5,2.5,0.5,45,2100,1.2155775,1.506198,0.990125,2.457187649,0.942127657,0.747685185,0.764171946
73,alpha_2.5_temp_0.5,2.5,0.5,45,2200,1.2033631,1.5053296,0.974625,2.459196195,0.9411824,0.752864427,0.773515587
74,alpha_2.5_temp_0.5,2.5,0.5,45,2300,1.1983855,1.5076238,0.966208333,2.451292419,0.940072805,0.753033474,0.760527534
75,alpha_2.5_temp_0.5,2.5,0.5,45,2400,1.1854107,1.5024198,0.959166667,2.462701023,0.940439153,0.755240624,0.775402815
76,alpha_2.5_temp_0.5,2.5,0.5,45,2500,1.1765724,1.4978852,0.953166667,2.472289915,0.938714138,0.761713953,0.77867969
77,alpha_2.5_temp_0.5,2.5,0.5,45,2600,1.1671256,1.4948401,0.973708333,2.465120992,0.935325866,0.761546623,0.773665493
78,alpha_2.5_temp_0.5,2.5,0.5,45,2700,1.1573291,1.4975152,0.953,2.462797999,0.936606691,0.756305697,0.774817485
79,alpha_2.5_temp_0.5,2.5,0.5,45,2800,1.1491021,1.4935158,0.952875,2.443778615,0.932999311,0.757440814,0.777124548
80,alpha_2.5_temp_0.5,2.5,0.5,45,2900,1.1399052,1.4961342,0.954708333,2.453490888,0.93409068,0.764695511,0.778546754
81,alpha_2.5_temp_0.5,2.5,0.5,45,3000,1.1318504,1.4880884,0.9535,2.439744844,0.934478364,0.755394485,0.767556366
82,alpha_2.5_temp_0.5,2.5,0.5,45,3100,1.1242832,1.4971365,0.960541667,2.462616675,0.93251996,0.766117748,0.784111627
83,alpha_2.5_temp_0.5,2.5,0.5,45,3200,1.1161543,1.5061946,0.971458333,2.451297757,0.929568983,0.760823149,0.781551419
84,alpha_2.5_temp_0.5,2.5,0.5,45,3300,1.1098429,1.4968606,0.961208333,2.440850231,0.927326116,0.764406687,0.777079611
85,alpha_2.5_temp_0.5,2.5,0.5,45,3400,1.102345,1.5097319,0.949791667,2.442721041,0.930644824,0.7687747,0.783066955
86,alpha_2.5_temp_0.5,2.5,0.5,45,3500,1.091366,1.5129855,0.950458333,2.449864983,0.929286943,0.7707026,0.787146974
87,alpha_2.5_temp_0.5,2.5,0.5,45,3600,1.0825056,1.5100852,0.953625,2.43105943,0.925249375,0.75483591,0.7658493
88,alpha_2.5_temp_0.5,2.5,0.5,45,3700,1.0762275,1.5151175,0.951875,2.442434326,0.92703885,0.759859169,0.783664521
89,alpha_2.5_temp_0.5,2.5,0.5,45,3800,1.0677354,1.5144082,0.951166667,2.435067095,0.924643499,0.762150411,0.776145773
90,alpha_2.5_temp_0.5,2.5,0.5,45,3900,1.0605564,1.5067625,0.954458333,2.429182358,0.924589381,0.765605585,0.781853786
91,alpha_2.5_temp_0.5,2.5,0.5,45,4000,1.0509859,1.5115277,0.956333333,2.42669582,0.922461767,0.772711566,0.781076591
92,alpha_2.5_temp_0.5,2.5,0.5,45,4100,1.0456196,1.5182627,0.950666667,2.429787158,0.923473426,0.772102639,0.786210753
93,alpha_2.5_temp_0.5,2.5,0.5,45,4200,1.0427479,1.5324913,0.950166667,2.436620493,0.928791838,0.776716402,0.794358775
94,alpha_2.5_temp_0.5,2.5,0.5,45,4300,1.0314279,1.5353916,0.950416667,2.432013458,0.920464147,0.777422455,0.787453165
95,alpha_2.5_temp_0.5,2.5,0.5,45,4400,1.0201361,1.5310115,0.950833333,2.412012558,0.920547945,0.766907116,0.779349128
96,alpha_2.5_temp_0.5,2.5,0.5,45,4500,1.0141743,1.5311635,0.950666667,2.42922011,0.918634279,0.774425797,0.785938819
97,alpha_2.5_temp_0.5,2.5,0.5,45,4600,1.0196922,1.5417138,0.953583333,2.413247295,0.920674426,0.775926012,0.781979551
98,alpha_2.5_temp_0.5,2.5,0.5,45,4700,0.9986151,1.5441465,0.952,2.4266735,0.91749098,0.778466257,0.790622355
99,alpha_2.5_temp_0.5,2.5,0.5,45,4800,0.9920148,1.553091,0.950375,2.424954277,0.916249351,0.772623538,0.782884487
100,alpha_2.5_temp_0.5,2.5,0.5,45,4900,0.98475426,1.549807,0.951166667,2.429017382,0.914444028,0.780700116,0.79433998
101,alpha_2.5_temp_0.5,2.5,0.5,45,4999,0.9760973,1.5523726,0.95075,2.429327169,0.914697624,0.780100631,0.794261558
357,alpha_2.5_temp_1.0,2.5,1,42,0,4.2570415,4.257549,1,1.407523412,0.701505015,0.227151235,0.291487962
358,alpha_2.5_temp_1.0,2.5,1,42,100,2.4454103,2.460651,1,1.740339096,0.897430495,0.476392205,0.515042875
359,alpha_2.5_temp_1.0,2.5,1,42,200,2.226367,2.262769,1,1.88512239,0.914065956,0.496900905,0.546767422
360,alpha_2.5_temp_1.0,2.5,1,42,300,1.9835237,2.061976,1,1.831957689,0.927397837,0.49198494,0.536606628
361,alpha_2.5_temp_1.0,2.5,1,42,400,1.7832043,1.9140114,1,1.853573846,0.931171214,0.496868037,0.528322628
362,alpha_2.5_temp_1.0,2.5,1,42,500,1.6447814,1.8169978,1,1.887440569,0.926868666,0.507084422,0.524548852
363,alpha_2.5_temp_1.0,2.5,1,42,600,1.5623326,1.7466868,1,1.864110378,0.925080302,0.506507148,0.522005893
364,alpha_2.5_temp_1.0,2.5,1,42,700,1.4961741,1.6829321,1,1.872842225,0.924729076,0.509742486,0.521331198
365,alpha_2.5_temp_1.0,2.5,1,42,800,1.4471208,1.6422819,1,1.867961538,0.921424904,0.507800888,0.520701277
366,alpha_2.5_temp_1.0,2.5,1,42,900,1.407601,1.6120559,1,1.835013884,0.917098741,0.507766283,0.525553215
367,alpha_2.5_temp_1.0,2.5,1,42,1000,1.3806921,1.588375,1,1.877722541,0.91443544,0.512684477,0.524721747
368,alpha_2.5_temp_1.0,2.5,1,42,1100,1.3506374,1.5667347,1,1.879199493,0.912359889,0.516142582,0.530861593
369,alpha_2.5_temp_1.0,2.5,1,42,1200,1.3291428,1.5473416,1,1.876792576,0.908708596,0.51803576,0.525241481
370,alpha_2.5_temp_1.0,2.5,1,42,1300,1.3069074,1.5361153,1,1.886875196,0.904380397,0.518109967,0.528339906
371,alpha_2.5_temp_1.0,2.5,1,42,1400,1.291835,1.5260558,1,1.881257696,0.903890138,0.520166228,0.5282469
372,alpha_2.5_temp_1.0,2.5,1,42,1500,1.2770323,1.518643,1,1.883786205,0.901512785,0.520119874,0.532100387
373,alpha_2.5_temp_1.0,2.5,1,42,1600,1.2598165,1.5067407,1,1.874796151,0.901053482,0.518762868,0.526546892
374,alpha_2.5_temp_1.0,2.5,1,42,1700,1.2477009,1.5072395,1,1.876440596,0.898816109,0.519995387,0.524944806
375,alpha_2.5_temp_1.0,2.5,1,42,1800,1.2325757,1.5036745,1,1.87979945,0.898754836,0.523100473,0.531966885
376,alpha_2.5_temp_1.0,2.5,1,42,1900,1.2198008,1.4980506,1,1.901985787,0.896419832,0.526581242,0.537980505
377,alpha_2.5_temp_1.0,2.5,1,42,2000,1.2101694,1.503217,1,1.877036132,0.896489319,0.523652006,0.530417173
378,alpha_2.5_temp_1.0,2.5,1,42,2100,1.1956321,1.4928795,1,1.884319732,0.895004101,0.523335704,0.533228328
379,alpha_2.5_temp_1.0,2.5,1,42,2200,1.187563,1.4880697,1,1.889469938,0.893785416,0.528467127,0.537569894
380,alpha_2.5_temp_1.0,2.5,1,42,2300,1.1736666,1.4886488,1,1.906750574,0.893586747,0.532704797,0.541963926
381,alpha_2.5_temp_1.0,2.5,1,42,2400,1.1624153,1.4907876,1,1.915295208,0.89164023,0.535358467,0.544713914
382,alpha_2.5_temp_1.0,2.5,1,42,2500,1.1554146,1.4941628,1,1.918603468,0.89134414,0.533481861,0.540041967
383,alpha_2.5_temp_1.0,2.5,1,42,2600,1.1473957,1.4914786,1,1.910240552,0.889464229,0.532661308,0.539137307
384,alpha_2.5_temp_1.0,2.5,1,42,2700,1.1367849,1.4968017,1,1.911709874,0.891773568,0.535517074,0.547172396
385,alpha_2.5_temp_1.0,2.5,1,42,2800,1.125809,1.4868567,1,1.899242829,0.889097987,0.533638898,0.538271811
386,alpha_2.5_temp_1.0,2.5,1,42,2900,1.1172389,1.4984021,1,1.909051736,0.889887141,0.534570003,0.548602362
387,alpha_2.5_temp_1.0,2.5,1,42,3000,1.1060774,1.4915189,1,1.904585954,0.888533138,0.534599482,0.541488301
388,alpha_2.5_temp_1.0,2.5,1,42,3100,1.0971216,1.4983232,1,1.91556468,0.888810746,0.537884557,0.556092264
389,alpha_2.5_temp_1.0,2.5,1,42,3200,1.0892376,1.4954875,1,1.909107316,0.887421195,0.536029365,0.549067924
390,alpha_2.5_temp_1.0,2.5,1,42,3300,1.080516,1.5020547,1,1.909737634,0.886847458,0.534341539,0.540596658
391,alpha_2.5_temp_1.0,2.5,1,42,3400,1.0722393,1.500745,1,1.902375842,0.888068439,0.539018717,0.549019705
392,alpha_2.5_temp_1.0,2.5,1,42,3500,1.0625591,1.5077114,1,1.906115139,0.887155346,0.537650731,0.547243072
393,alpha_2.5_temp_1.0,2.5,1,42,3600,1.0530423,1.5059654,1,1.903180873,0.886400958,0.537511614,0.550210786
394,alpha_2.5_temp_1.0,2.5,1,42,3700,1.04429,1.5092379,1,1.900882412,0.885038738,0.537649526,0.542723337
395,alpha_2.5_temp_1.0,2.5,1,42,3800,1.0358506,1.5200901,1,1.901976882,0.885970232,0.540036115,0.554934819
396,alpha_2.5_temp_1.0,2.5,1,42,3900,1.0267721,1.525323,1,1.896029353,0.885190923,0.534998106,0.546595582
397,alpha_2.5_temp_1.0,2.5,1,42,4000,1.0194669,1.5272095,1,1.883903868,0.885228036,0.53636277,0.549428172
398,alpha_2.5_temp_1.0,2.5,1,42,4100,1.010476,1.5329201,1,1.886169018,0.884501201,0.53880899,0.551732721
399,alpha_2.5_temp_1.0,2.5,1,42,4200,1.0022328,1.5456616,1,1.880212182,0.883386851,0.535276186,0.542565891
400,alpha_2.5_temp_1.0,2.5,1,42,4300,0.9961864,1.5363536,1,1.889952737,0.884797954,0.537112738,0.545643841
401,alpha_2.5_temp_1.0,2.5,1,42,4400,0.9837189,1.5386089,1,1.891362557,0.884173923,0.537789914,0.547003622
402,alpha_2.5_temp_1.0,2.5,1,42,4500,0.9758917,1.5624744,1,1.897467862,0.883627723,0.539337204,0.541547441
403,alpha_2.5_temp_1.0,2.5,1,42,4600,0.9680905,1.5572573,1,1.892624492,0.883837773,0.53930688,0.552164816
404,alpha_2.5_temp_1.0,2.5,1,42,4700,0.9570851,1.5622402,1,1.890423089,0.883651411,0.54035288,0.54910678
405,alpha_2.5_temp_1.0,2.5,1,42,4800,0.9498734,1.564381,1,1.884984251,0.882330044,0.540658167,0.548747681
406,alpha_2.5_temp_1.0,2.5,1,42,4900,0.9398926,1.5713518,1,1.88420172,0.883573747,0.540287196,0.552070916
407,alpha_2.5_temp_1.0,2.5,1,42,4999,0.9345483,1.5790086,1,1.882039128,0.882517162,0.537482863,0.54945109
102,alpha_2.5_temp_1.0,2.5,1,43,0,4.3454747,4.3461666,1,1.465699492,0.709248192,0.272923205,0.378901611
103,alpha_2.5_temp_1.0,2.5,1,43,100,2.4426315,2.4631734,1,1.956483271,0.922433968,0.558065513,0.601399043
104,alpha_2.5_temp_1.0,2.5,1,43,200,2.222128,2.2544184,1,2.036165987,0.916420822,0.555026087,0.582243598
105,alpha_2.5_temp_1.0,2.5,1,43,300,1.9865837,2.0708532,1,2.029784349,0.919774366,0.556599174,0.580897203
106,alpha_2.5_temp_1.0,2.5,1,43,400,1.7769439,1.9203475,1,2.062754168,0.922941447,0.576717988,0.592942821
107,alpha_2.5_temp_1.0,2.5,1,43,500,1.6462694,1.8125498,1,2.069221589,0.92449341,0.582081227,0.594301675
108,alpha_2.5_temp_1.0,2.5,1,43,600,1.5580739,1.7345799,1,2.096907535,0.925571764,0.583531387,0.610613738
109,alpha_2.5_temp_1.0,2.5,1,43,700,1.4938309,1.6838149,1,2.090168638,0.922019629,0.584196329,0.605214203
110,alpha_2.5_temp_1.0,2.5,1,43,800,1.444797,1.645963,1,2.105342323,0.92244916,0.585132417,0.616555403
111,alpha_2.5_temp_1.0,2.5,1,43,900,1.4073374,1.6061386,1,2.089386602,0.92062211,0.580874452,0.603637708
112,alpha_2.5_temp_1.0,2.5,1,43,1000,1.371598,1.581687,1,2.083303422,0.919957455,0.58572059,0.613982828
113,alpha_2.5_temp_1.0,2.5,1,43,1100,1.3460069,1.565589,1,2.096691155,0.918307662,0.590671934,0.613991024
114,alpha_2.5_temp_1.0,2.5,1,43,1200,1.3232758,1.5517954,1,2.09222723,0.917141662,0.594622476,0.621328097
115,alpha_2.5_temp_1.0,2.5,1,43,1300,1.299069,1.5330508,1,2.068171137,0.915293881,0.590654464,0.614027895
116,alpha_2.5_temp_1.0,2.5,1,43,1400,1.2844219,1.5230277,1,2.088383757,0.915768582,0.596578106,0.631845483
117,alpha_2.5_temp_1.0,2.5,1,43,1500,1.2640861,1.5174798,1,2.08220476,0.915093073,0.596701932,0.625979466
118,alpha_2.5_temp_1.0,2.5,1,43,1600,1.2520182,1.5150377,1,2.071127079,0.911023773,0.592351891,0.618203012
119,alpha_2.5_temp_1.0,2.5,1,43,1700,1.236819,1.5015254,1,2.07498069,0.910507089,0.599220527,0.628480058
120,alpha_2.5_temp_1.0,2.5,1,43,1800,1.2235223,1.497975,1,2.070336361,0.909576939,0.593451093,0.615834147
121,alpha_2.5_temp_1.0,2.5,1,43,1900,1.2103457,1.4930078,1,2.064141253,0.906966912,0.594852282,0.619299754
122,alpha_2.5_temp_1.0,2.5,1,43,2000,1.1983687,1.4988723,1,2.060102165,0.905173934,0.59882329,0.624831123
123,alpha_2.5_temp_1.0,2.5,1,43,2100,1.1874129,1.4930462,1,2.05906022,0.904639209,0.599227178,0.625058214
124,alpha_2.5_temp_1.0,2.5,1,43,2200,1.1761154,1.4927554,1,2.085664842,0.902487374,0.611892451,0.631506747
125,alpha_2.5_temp_1.0,2.5,1,43,2300,1.1657928,1.4886309,1,2.080035334,0.900795396,0.611154636,0.635697556
126,alpha_2.5_temp_1.0,2.5,1,43,2400,1.1524763,1.4831605,1,2.059980985,0.900762503,0.606879455,0.631079032
127,alpha_2.5_temp_1.0,2.5,1,43,2500,1.1443071,1.4884207,1,2.09376518,0.899662218,0.615364977,0.647857176
128,alpha_2.5_temp_1.0,2.5,1,43,2600,1.134821,1.495834,1,2.08470419,0.897961613,0.609551057,0.640364609
129,alpha_2.5_temp_1.0,2.5,1,43,2700,1.124138,1.4951218,1,2.081540067,0.899510108,0.608479262,0.637453812
130,alpha_2.5_temp_1.0,2.5,1,43,2800,1.1141928,1.5010064,1,2.082095504,0.895338343,0.611008638,0.633696002
131,alpha_2.5_temp_1.0,2.5,1,43,2900,1.103905,1.4961575,1,2.071229032,0.895403276,0.611713764,0.637649527
132,alpha_2.5_temp_1.0,2.5,1,43,3000,1.0938904,1.4949255,1,2.091405776,0.894984091,0.614551478,0.639909002
133,alpha_2.5_temp_1.0,2.5,1,43,3100,1.0834875,1.5009001,1,2.07837332,0.895506336,0.614207541,0.647510819
134,alpha_2.5_temp_1.0,2.5,1,43,3200,1.0743182,1.5091038,1,2.062451878,0.892901697,0.606491266,0.628547652
135,alpha_2.5_temp_1.0,2.5,1,43,3300,1.0666541,1.50333,1,2.083356087,0.892991141,0.617499412,0.643166156
136,alpha_2.5_temp_1.0,2.5,1,43,3400,1.0562724,1.5058345,1,2.071534092,0.894061156,0.61145373,0.638523312
137,alpha_2.5_temp_1.0,2.5,1,43,3500,1.0467625,1.5205356,1,2.086942001,0.892641605,0.614146113,0.64086158
138,alpha_2.5_temp_1.0,2.5,1,43,3600,1.03673,1.514463,1,2.068070123,0.891028616,0.613842335,0.640467512
139,alpha_2.5_temp_1.0,2.5,1,43,3700,1.027069,1.5304211,1,2.058166377,0.89098748,0.605339394,0.632701984
140,alpha_2.5_temp_1.0,2.5,1,43,3800,1.0188212,1.5211089,1,2.057581396,0.88850341,0.610269332,0.631008777
141,alpha_2.5_temp_1.0,2.5,1,43,3900,1.0077677,1.5289519,1,2.059003017,0.889628189,0.609409618,0.632181928
142,alpha_2.5_temp_1.0,2.5,1,43,4000,1.001086,1.5398686,1,2.054213956,0.888349671,0.604376811,0.635155125
143,alpha_2.5_temp_1.0,2.5,1,43,4100,0.98899895,1.536571,1,2.058576975,0.889658216,0.610619941,0.632272351
144,alpha_2.5_temp_1.0,2.5,1,43,4200,0.98101866,1.5476639,1,2.048475493,0.888631689,0.606670922,0.637119287
145,alpha_2.5_temp_1.0,2.5,1,43,4300,0.9723102,1.5557691,1,2.058444034,0.889307963,0.609013983,0.637285579
146,alpha_2.5_temp_1.0,2.5,1,43,4400,0.96124405,1.5638347,1,2.049303827,0.888533282,0.607821963,0.638496354
147,alpha_2.5_temp_1.0,2.5,1,43,4500,0.95118356,1.5752552,1,2.052714396,0.888182982,0.607002438,0.63337144
148,alpha_2.5_temp_1.0,2.5,1,43,4600,0.94269514,1.5636567,1,2.053532159,0.885945289,0.611755482,0.637234034
149,alpha_2.5_temp_1.0,2.5,1,43,4700,0.93365294,1.5756983,1,2.060614505,0.887837488,0.613114496,0.640617239
150,alpha_2.5_temp_1.0,2.5,1,43,4800,0.923325,1.5840391,1,2.053899167,0.887810184,0.610940183,0.637598914
151,alpha_2.5_temp_1.0,2.5,1,43,4900,0.9145265,1.5944362,1,2.04213819,0.886455426,0.609047175,0.62713401
152,alpha_2.5_temp_1.0,2.5,1,43,4999,0.9074882,1.6050594,1,2.060069412,0.885760614,0.61729504,0.644121236
153,alpha_2.5_temp_1.0,2.5,1,44,0,4.2910237,4.2920103,1,1.510928223,0.6971632,0.259615123,0.350274828
154,alpha_2.5_temp_1.0,2.5,1,44,100,2.4413257,2.4560015,1,1.986653956,0.90233701,0.475235702,0.579687429
155,alpha_2.5_temp_1.0,2.5,1,44,200,2.2002642,2.233838,1,1.884671161,0.891363361,0.453943463,0.547188242
156,alpha_2.5_temp_1.0,2.5,1,44,300,1.9692045,2.0588186,1,1.95547933,0.898418977,0.470931848,0.546485182
157,alpha_2.5_temp_1.0,2.5,1,44,400,1.7764233,1.9108297,1,1.975775224,0.904411363,0.476957774,0.53998218
158,alpha_2.5_temp_1.0,2.5,1,44,500,1.645311,1.8108015,1,2.04072902,0.907064276,0.500376757,0.560826626
159,alpha_2.5_temp_1.0,2.5,1,44,600,1.5582644,1.7498507,1,1.994720041,0.905444886,0.488831066,0.544178089
160,alpha_2.5_temp_1.0,2.5,1,44,700,1.4929998,1.6890874,1,1.999243191,0.90283806,0.493075831,0.546286837
161,alpha_2.5_temp_1.0,2.5,1,44,800,1.4467869,1.6458931,1,2.036551909,0.901917509,0.508378132,0.55354157
162,alpha_2.5_temp_1.0,2.5,1,44,900,1.4090369,1.6183519,1,2.022348221,0.902243166,0.506134155,0.551413616
163,alpha_2.5_temp_1.0,2.5,1,44,1000,1.3787558,1.5933262,1,2.066288647,0.899005065,0.51402215,0.558006391
164,alpha_2.5_temp_1.0,2.5,1,44,1100,1.3552078,1.573007,1,2.044670316,0.898515713,0.516892119,0.554910277
165,alpha_2.5_temp_1.0,2.5,1,44,1200,1.3328145,1.5626262,1,2.060202145,0.897182158,0.523778962,0.562342565
166,alpha_2.5_temp_1.0,2.5,1,44,1300,1.3114698,1.549472,1,2.052922878,0.895257176,0.519309764,0.553689317
167,alpha_2.5_temp_1.0,2.5,1,44,1400,1.292408,1.5311975,1,2.047380462,0.896652654,0.516776032,0.557181541
168,alpha_2.5_temp_1.0,2.5,1,44,1500,1.2764611,1.5298774,1,2.063970978,0.894506018,0.52158077,0.555878532
169,alpha_2.5_temp_1.0,2.5,1,44,1600,1.2620877,1.5280012,1,2.060041706,0.892749444,0.521373464,0.549931593
170,alpha_2.5_temp_1.0,2.5,1,44,1700,1.2494012,1.5230608,1,2.055252949,0.894231095,0.523371944,0.555285324
171,alpha_2.5_temp_1.0,2.5,1,44,1800,1.2349988,1.5127575,1,2.058848816,0.892475264,0.529848873,0.556719245
172,alpha_2.5_temp_1.0,2.5,1,44,1900,1.2239366,1.5142162,1,2.05957451,0.890078408,0.526064535,0.555808225
173,alpha_2.5_temp_1.0,2.5,1,44,2000,1.2097527,1.5095109,1,2.06018771,0.889461735,0.53283266,0.560085695
174,alpha_2.5_temp_1.0,2.5,1,44,2100,1.2005062,1.5032805,1,2.056812579,0.890960571,0.530978962,0.557274125
175,alpha_2.5_temp_1.0,2.5,1,44,2200,1.1892642,1.5021557,1,2.056023713,0.888173549,0.533732514,0.558743229
176,alpha_2.5_temp_1.0,2.5,1,44,2300,1.1805183,1.5030513,1,2.051916855,0.889889385,0.531263994,0.553704204
177,alpha_2.5_temp_1.0,2.5,1,44,2400,1.1685793,1.4972422,1,2.042424104,0.888552695,0.530074564,0.547677621
178,alpha_2.5_temp_1.0,2.5,1,44,2500,1.1572603,1.4937236,1,2.070945112,0.885642404,0.547197382,0.57332668
179,alpha_2.5_temp_1.0,2.5,1,44,2600,1.1450142,1.5013095,1,2.080945456,0.883885203,0.542840408,0.566000716
180,alpha_2.5_temp_1.0,2.5,1,44,2700,1.1389263,1.4994982,1,2.0748022,0.882309673,0.545017513,0.57085634
181,alpha_2.5_temp_1.0,2.5,1,44,2800,1.1286081,1.4975129,1,2.068920174,0.883303399,0.540337378,0.55844966
182,alpha_2.5_temp_1.0,2.5,1,44,2900,1.1196877,1.5017732,1,2.069241501,0.882186559,0.545184986,0.562960628
183,alpha_2.5_temp_1.0,2.5,1,44,3000,1.1088538,1.5047796,1,2.057396896,0.879504352,0.545386728,0.565098733
184,alpha_2.5_temp_1.0,2.5,1,44,3100,1.0978359,1.5076013,1,2.06249635,0.878971166,0.543791141,0.571239743
185,alpha_2.5_temp_1.0,2.5,1,44,3200,1.0896755,1.5069531,1,2.075429148,0.87878118,0.547068357,0.576814567
186,alpha_2.5_temp_1.0,2.5,1,44,3300,1.0805701,1.5112344,1,2.060533114,0.879917368,0.541094038,0.564687822
187,alpha_2.5_temp_1.0,2.5,1,44,3400,1.0695412,1.5159202,1,2.053368475,0.875988085,0.543168239,0.572871038
188,alpha_2.5_temp_1.0,2.5,1,44,3500,1.0633849,1.5154487,1,2.064222716,0.876736336,0.547415101,0.575197053
189,alpha_2.5_temp_1.0,2.5,1,44,3600,1.0540328,1.526129,1,2.054498227,0.876230729,0.544139402,0.571729073
190,alpha_2.5_temp_1.0,2.5,1,44,3700,1.0432329,1.5214937,1,2.050385632,0.875425616,0.543268778,0.572115237
191,alpha_2.5_temp_1.0,2.5,1,44,3800,1.0327668,1.5264993,1,2.060031891,0.875746708,0.544316991,0.576970844
192,alpha_2.5_temp_1.0,2.5,1,44,3900,1.0234051,1.5302014,1,2.043800574,0.875434697,0.539321674,0.56753171
193,alpha_2.5_temp_1.0,2.5,1,44,4000,1.0141934,1.5330249,1,2.061040776,0.875163588,0.54420903,0.575901194
194,alpha_2.5_temp_1.0,2.5,1,44,4100,1.0047855,1.5355679,1,2.065834677,0.875727756,0.548788177,0.576424333
195,alpha_2.5_temp_1.0,2.5,1,44,4200,0.9954247,1.5437639,1,2.06492972,0.874275588,0.549367276,0.578496537
196,alpha_2.5_temp_1.0,2.5,1,44,4300,0.98561144,1.5550349,1,2.043552301,0.874329209,0.546233053,0.573674792
197,alpha_2.5_temp_1.0,2.5,1,44,4400,0.97690856,1.5485023,1,2.034611976,0.875231993,0.537458106,0.567502529
198,alpha_2.5_temp_1.0,2.5,1,44,4500,0.9651721,1.569127,1,2.048517148,0.875221841,0.541336867,0.563556328
199,alpha_2.5_temp_1.0,2.5,1,44,4600,0.9577689,1.5706505,1,2.047229427,0.873098113,0.54383871,0.575736054
200,alpha_2.5_temp_1.0,2.5,1,44,4700,0.94750136,1.5845109,1,2.043177595,0.872886134,0.544123436,0.575090331
201,alpha_2.5_temp_1.0,2.5,1,44,4800,0.93923515,1.5793885,1,2.049823409,0.873060129,0.545614959,0.575318924
202,alpha_2.5_temp_1.0,2.5,1,44,4900,0.9291508,1.5832036,1,2.048711557,0.874220666,0.548893804,0.570716328
203,alpha_2.5_temp_1.0,2.5,1,44,4999,0.9192324,1.5989754,1,2.053181845,0.873106464,0.547133527,0.576334853
153,alpha_2.5_temp_1.0,2.5,1,45,0,4.340117,4.3346753,1,1.485716996,0.697935495,0.272501554,0.362553567
154,alpha_2.5_temp_1.0,2.5,1,45,100,2.4382195,2.4534857,1,2.113012593,0.903645811,0.602093643,0.650377408
155,alpha_2.5_temp_1.0,2.5,1,45,200,2.195351,2.2330773,0.99075,2.159007156,0.907742866,0.62917697,0.672417124
156,alpha_2.5_temp_1.0,2.5,1,45,300,1.9711185,2.054454,0.996458333,2.242057411,0.914602129,0.657909557,0.701605085
157,alpha_2.5_temp_1.0,2.5,1,45,400,1.7689216,1.9127632,1,2.218646026,0.91553445,0.658314867,0.704911891
158,alpha_2.5_temp_1.0,2.5,1,45,500,1.6369802,1.8075516,1,2.209418022,0.912521822,0.650572762,0.702147705
159,alpha_2.5_temp_1.0,2.5,1,45,600,1.5504416,1.7332977,1,2.252756028,0.910358721,0.664418435,0.708485669
160,alpha_2.5_temp_1.0,2.5,1,45,700,1.490872,1.6797696,1,2.23802301,0.906900606,0.662431905,0.703424852
161,alpha_2.5_temp_1.0,2.5,1,45,800,1.4440676,1.6353974,1,2.237912376,0.902113938,0.661863394,0.703008224
162,alpha_2.5_temp_1.0,2.5,1,45,900,1.4073582,1.6088653,1,2.239556235,0.900627607,0.655894172,0.696365412
163,alpha_2.5_temp_1.0,2.5,1,45,1000,1.3747536,1.5893071,1,2.245849452,0.899294495,0.667747005,0.705288673
164,alpha_2.5_temp_1.0,2.5,1,45,1100,1.3517985,1.5661376,1,2.247380919,0.89461722,0.668337709,0.706398809
165,alpha_2.5_temp_1.0,2.5,1,45,1200,1.3273287,1.556412,1,2.236009115,0.896686875,0.664195527,0.706797895
166,alpha_2.5_temp_1.0,2.5,1,45,1300,1.3124439,1.5427437,1,2.238981301,0.894630916,0.661395211,0.702211253
167,alpha_2.5_temp_1.0,2.5,1,45,1400,1.2904838,1.5328935,1,2.24338741,0.892982601,0.668135459,0.704152832
168,alpha_2.5_temp_1.0,2.5,1,45,1500,1.276071,1.5300668,1,2.229514674,0.890215623,0.66715759,0.700723297
169,alpha_2.5_temp_1.0,2.5,1,45,1600,1.2609541,1.5250285,1,2.237480991,0.888374423,0.66369091,0.696088576
170,alpha_2.5_temp_1.0,2.5,1,45,1700,1.2444434,1.5173894,1,2.225609966,0.889162405,0.671169519,0.707921348
171,alpha_2.5_temp_1.0,2.5,1,45,1800,1.232252,1.506636,1,2.246266349,0.885757409,0.670864436,0.703266767
172,alpha_2.5_temp_1.0,2.5,1,45,1900,1.2227871,1.5068138,1,2.24059108,0.886061474,0.677206441,0.708223708
173,alpha_2.5_temp_1.0,2.5,1,45,2000,1.2085391,1.5051032,1,2.228444837,0.885291676,0.672477986,0.704732784
174,alpha_2.5_temp_1.0,2.5,1,45,2100,1.1977085,1.4973692,1,2.224506243,0.884183721,0.672862211,0.703817179
175,alpha_2.5_temp_1.0,2.5,1,45,2200,1.186332,1.4945893,1,2.233936643,0.884107168,0.66826628,0.697715728
176,alpha_2.5_temp_1.0,2.5,1,45,2300,1.1783245,1.4962916,1,2.22807748,0.882805567,0.675571736,0.701193411
177,alpha_2.5_temp_1.0,2.5,1,45,2400,1.16677,1.4877338,0.997833333,2.234929397,0.882004464,0.673769689,0.702452471
178,alpha_2.5_temp_1.0,2.5,1,45,2500,1.1580997,1.5003527,1,2.226705575,0.883606684,0.672299828,0.699585385
179,alpha_2.5_temp_1.0,2.5,1,45,2600,1.1452807,1.4942007,0.999958333,2.225600831,0.881501655,0.674904081,0.701075248
180,alpha_2.5_temp_1.0,2.5,1,45,2700,1.1354631,1.4971055,1,2.235496926,0.881726803,0.67595376,0.699193032
181,alpha_2.5_temp_1.0,2.5,1,45,2800,1.128377,1.4924475,1,2.229991131,0.880834843,0.677002952,0.704899614
182,alpha_2.5_temp_1.0,2.5,1,45,2900,1.1185342,1.4957364,0.996583333,2.232431374,0.878758407,0.675450822,0.704036656
183,alpha_2.5_temp_1.0,2.5,1,45,3000,1.1097214,1.493192,1,2.226411351,0.877954556,0.67835808,0.704133514
184,alpha_2.5_temp_1.0,2.5,1,45,3100,1.100271,1.4932182,1,2.217562521,0.87984561,0.67487358,0.703598012
185,alpha_2.5_temp_1.0,2.5,1,45,3200,1.0923245,1.5104979,1,2.231567587,0.877238819,0.68047948,0.708068431
186,alpha_2.5_temp_1.0,2.5,1,45,3300,1.0828741,1.5064646,1,2.232849214,0.877681808,0.673625436,0.701272323
187,alpha_2.5_temp_1.0,2.5,1,45,3400,1.074509,1.5141402,0.990666667,2.222971901,0.876508849,0.677844441,0.701782854
188,alpha_2.5_temp_1.0,2.5,1,45,3500,1.0660251,1.5128034,0.998666667,2.22655437,0.876440502,0.67659078,0.700700939
189,alpha_2.5_temp_1.0,2.5,1,45,3600,1.0558689,1.5148046,0.996458333,2.208259104,0.876190205,0.672001351,0.69543842
190,alpha_2.5_temp_1.0,2.5,1,45,3700,1.0471045,1.5164326,1,2.21511278,0.875446429,0.678477141,0.704914042
191,alpha_2.5_temp_1.0,2.5,1,45,3800,1.0389608,1.5263593,0.996,2.229247562,0.873825064,0.685171739,0.709346129
192,alpha_2.5_temp_1.0,2.5,1,45,3900,1.0285153,1.5250713,1,2.229889359,0.874225109,0.681224167,0.703128604
193,alpha_2.5_temp_1.0,2.5,1,45,4000,1.0200301,1.5297977,1,2.221688316,0.873369393,0.679946587,0.703822704
194,alpha_2.5_temp_1.0,2.5,1,45,4100,1.0110421,1.5326052,1,2.225072661,0.87288205,0.682844931,0.706922541
195,alpha_2.5_temp_1.0,2.5,1,45,4200,1.004468,1.545228,1,2.220518414,0.872271113,0.678935144,0.701197514
196,alpha_2.5_temp_1.0,2.5,1,45,4300,0.9957932,1.5528549,1,2.225391434,0.872054224,0.680206674,0.703577084
197,alpha_2.5_temp_1.0,2.5,1,45,4400,0.9850165,1.5500017,0.999958333,2.228898709,0.872476563,0.680961018,0.703733018
198,alpha_2.5_temp_1.0,2.5,1,45,4500,0.97759694,1.5548708,0.998583333,2.215126946,0.872311519,0.673573158,0.690978553
199,alpha_2.5_temp_1.0,2.5,1,45,4600,0.9681715,1.5571185,0.995916667,2.227304738,0.870835387,0.682519707,0.703089382
200,alpha_2.5_temp_1.0,2.5,1,45,4700,0.95768136,1.5616999,1,2.223122862,0.872768522,0.681224647,0.701904167
201,alpha_2.5_temp_1.0,2.5,1,45,4800,0.9499257,1.5723524,1,2.225318608,0.87226106,0.683614078,0.707876852
202,alpha_2.5_temp_1.0,2.5,1,45,4900,0.94476026,1.5727146,1,2.223444902,0.871333575,0.682873708,0.702126735
203,alpha_2.5_temp_1.0,2.5,1,45,4999,0.9345841,1.5746131,1,2.222672341,0.870727343,0.682893181,0.708275561
204,alpha_2.5_temp_1.0,2.5,1,46,0,4.401971,4.401871,1,1.420901241,0.692928759,0.252444076,0.334150946
205,alpha_2.5_temp_1.0,2.5,1,46,100,2.4502578,2.466426,1,1.655753397,0.90512125,0.446573763,0.512261964
206,alpha_2.5_temp_1.0,2.5,1,46,200,2.2187018,2.252188,1,1.793904773,0.899144329,0.485442835,0.518860116
207,alpha_2.5_temp_1.0,2.5,1,46,300,1.9773543,2.0637143,1,1.810801657,0.909756523,0.490567812,0.524754733
208,alpha_2.5_temp_1.0,2.5,1,46,400,1.7861165,1.9186543,1,1.799467779,0.911665355,0.482903726,0.512563326
209,alpha_2.5_temp_1.0,2.5,1,46,500,1.6489663,1.812416,1,1.797857301,0.908349316,0.489922577,0.51015332
210,alpha_2.5_temp_1.0,2.5,1,46,600,1.558084,1.7333969,1,1.814474224,0.906139862,0.491736412,0.519456583
211,alpha_2.5_temp_1.0,2.5,1,46,700,1.4945141,1.6797273,1,1.807590987,0.903052321,0.495387742,0.511185815
212,alpha_2.5_temp_1.0,2.5,1,46,800,1.4468887,1.6409471,1,1.840582587,0.900708356,0.508050236,0.533788558
213,alpha_2.5_temp_1.0,2.5,1,46,900,1.4103547,1.6110829,1,1.865058885,0.898160369,0.512957002,0.53091059
214,alpha_2.5_temp_1.0,2.5,1,46,1000,1.3758129,1.5844766,1,1.865861087,0.896213317,0.513296511,0.541796617
215,alpha_2.5_temp_1.0,2.5,1,46,1100,1.3503537,1.5702765,1,1.86146296,0.893807057,0.5140021,0.543046372
216,alpha_2.5_temp_1.0,2.5,1,46,1200,1.3272954,1.5549703,1,1.847146699,0.892509436,0.509977496,0.54349198
217,alpha_2.5_temp_1.0,2.5,1,46,1300,1.3068072,1.5363089,1,1.864357817,0.891254565,0.518805449,0.551566032
218,alpha_2.5_temp_1.0,2.5,1,46,1400,1.2925652,1.5349536,1,1.848671727,0.889257905,0.510435821,0.540809168
219,alpha_2.5_temp_1.0,2.5,1,46,1500,1.2730143,1.5247285,1,1.847696427,0.889411894,0.510875845,0.542081521
220,alpha_2.5_temp_1.0,2.5,1,46,1600,1.256736,1.5216281,1,1.835033498,0.888121495,0.507788602,0.546151353
221,alpha_2.5_temp_1.0,2.5,1,46,1700,1.2446318,1.5113621,1,1.845086471,0.885375072,0.51754747,0.547599714
222,alpha_2.5_temp_1.0,2.5,1,46,1800,1.2324189,1.5130876,1,1.840373064,0.884736435,0.513551695,0.542699417
223,alpha_2.5_temp_1.0,2.5,1,46,1900,1.2166384,1.5109951,1,1.819485287,0.881914578,0.511756407,0.537257322
224,alpha_2.5_temp_1.0,2.5,1,46,2000,1.2062942,1.5031358,1,1.828977691,0.882300726,0.515177327,0.546487834
225,alpha_2.5_temp_1.0,2.5,1,46,2100,1.1942942,1.5002649,1,1.823709732,0.880944858,0.515414775,0.542158286
226,alpha_2.5_temp_1.0,2.5,1,46,2200,1.1827427,1.5062095,1,1.824993091,0.881141568,0.514976248,0.541718396
227,alpha_2.5_temp_1.0,2.5,1,46,2300,1.1720862,1.5020899,1,1.828336204,0.878009235,0.518087174,0.544304104
228,alpha_2.5_temp_1.0,2.5,1,46,2400,1.1619606,1.5009636,1,1.82072218,0.879053196,0.51237445,0.541408941
229,alpha_2.5_temp_1.0,2.5,1,46,2500,1.1509763,1.499388,1,1.825349375,0.877422162,0.513030075,0.540225971
230,alpha_2.5_temp_1.0,2.5,1,46,2600,1.1401528,1.5046308,1,1.825198937,0.877771226,0.51674571,0.54663154
231,alpha_2.5_temp_1.0,2.5,1,46,2700,1.1334904,1.5100617,1,1.823628093,0.877763864,0.515161084,0.54557587
232,alpha_2.5_temp_1.0,2.5,1,46,2800,1.1208321,1.5091534,1,1.818860671,0.876356883,0.518982986,0.547776932
233,alpha_2.5_temp_1.0,2.5,1,46,2900,1.1122676,1.5099617,1,1.823064956,0.875565118,0.512503866,0.540439893
234,alpha_2.5_temp_1.0,2.5,1,46,3000,1.1017737,1.5080122,1,1.817004317,0.875766489,0.512178157,0.546895916
235,alpha_2.5_temp_1.0,2.5,1,46,3100,1.0922388,1.5203581,1,1.815882839,0.874880508,0.515554053,0.538283369
236,alpha_2.5_temp_1.0,2.5,1,46,3200,1.0819497,1.5242841,1,1.81217379,0.874538117,0.517347646,0.543902926
237,alpha_2.5_temp_1.0,2.5,1,46,3300,1.0730689,1.5132645,1,1.810916086,0.873557005,0.512834338,0.536124929
238,alpha_2.5_temp_1.0,2.5,1,46,3400,1.0633965,1.5340176,1,1.806072101,0.872920825,0.514914566,0.533838837
239,alpha_2.5_temp_1.0,2.5,1,46,3500,1.0537534,1.5305036,1,1.824209754,0.874676024,0.520776483,0.543666857
240,alpha_2.5_temp_1.0,2.5,1,46,3600,1.0432667,1.533168,1,1.804620368,0.872604631,0.515128108,0.535380634
241,alpha_2.5_temp_1.0,2.5,1,46,3700,1.0330102,1.5430564,1,1.81186152,0.873686216,0.521545428,0.546966172
242,alpha_2.5_temp_1.0,2.5,1,46,3800,1.0256495,1.5473132,1,1.821089593,0.872690229,0.522156515,0.538385038
243,alpha_2.5_temp_1.0,2.5,1,46,3900,1.0170883,1.54399,1,1.813933638,0.872611708,0.522358297,0.536788724
244,alpha_2.5_temp_1.0,2.5,1,46,4000,1.005725,1.5505791,1,1.796557875,0.870468277,0.522033603,0.537878187
245,alpha_2.5_temp_1.0,2.5,1,46,4100,0.99468166,1.5593067,1,1.799177756,0.869956561,0.522226887,0.544622281
246,alpha_2.5_temp_1.0,2.5,1,46,4200,0.9897676,1.5572852,1,1.793572729,0.867467418,0.519654903,0.533945863
247,alpha_2.5_temp_1.0,2.5,1,46,4300,0.9780752,1.5711919,1,1.794355082,0.868624451,0.521423422,0.539836497
248,alpha_2.5_temp_1.0,2.5,1,46,4400,0.9681683,1.5798181,1,1.790204592,0.868628014,0.519645571,0.538943772
249,alpha_2.5_temp_1.0,2.5,1,46,4500,0.9602827,1.585364,1,1.801054127,0.868075499,0.524622318,0.542025769
250,alpha_2.5_temp_1.0,2.5,1,46,4600,0.94635373,1.5823327,1,1.796810754,0.868204385,0.522492733,0.542648025
251,alpha_2.5_temp_1.0,2.5,1,46,4700,0.93665975,1.5928566,1,1.78833673,0.867149737,0.52117354,0.542083779
252,alpha_2.5_temp_1.0,2.5,1,46,4800,0.9298562,1.5946516,1,1.795355855,0.867143831,0.521147145,0.535894884
253,alpha_2.5_temp_1.0,2.5,1,46,4900,0.91975516,1.6054341,1,1.78136683,0.867932426,0.517829802,0.529047107
254,alpha_2.5_temp_1.0,2.5,1,46,4999,0.9101777,1.6104208,1,1.784978286,0.867230766,0.519417191,0.539941783
408,alpha_2.5_temp_10.0,2.5,10,42,0,4.256973,4.2579913,1,1.139141936,0.301765036,0.091757091,0.155622955
409,alpha_2.5_temp_10.0,2.5,10,42,100,2.438874,2.4536617,1,1.242104105,0.368364794,0.160999494,0.221561521
410,alpha_2.5_temp_10.0,2.5,10,42,200,2.2254097,2.2607412,1,1.267526904,0.370463082,0.159476798,0.224638625
411,alpha_2.5_temp_10.0,2.5,10,42,300,1.9622502,2.043121,1,1.257938266,0.383002442,0.163230116,0.224704866
412,alpha_2.5_temp_10.0,2.5,10,42,400,1.7705984,1.9077414,1,1.240556753,0.397971872,0.148234098,0.187822356
413,alpha_2.5_temp_10.0,2.5,10,42,500,1.6352378,1.8031381,1,1.220512013,0.412875946,0.14904152,0.179853952
414,alpha_2.5_temp_10.0,2.5,10,42,600,1.5502688,1.729833,1,1.232924679,0.421535776,0.148492693,0.191043969
415,alpha_2.5_temp_10.0,2.5,10,42,700,1.4875516,1.677083,1,1.230435732,0.429162716,0.139750499,0.192342684
416,alpha_2.5_temp_10.0,2.5,10,42,800,1.4370344,1.6323293,1,1.249832661,0.433457212,0.147820777,0.194575311
417,alpha_2.5_temp_10.0,2.5,10,42,900,1.399363,1.6094452,1,1.215260169,0.438381986,0.137668271,0.187806713
418,alpha_2.5_temp_10.0,2.5,10,42,1000,1.3676443,1.5802683,1,1.220357631,0.442752796,0.141279643,0.192191182
419,alpha_2.5_temp_10.0,2.5,10,42,1100,1.338215,1.5620849,1,1.219129412,0.444514877,0.142973804,0.182618711
420,alpha_2.5_temp_10.0,2.5,10,42,1200,1.3131901,1.538438,1,1.255705246,0.446203838,0.151313394,0.195801536
421,alpha_2.5_temp_10.0,2.5,10,42,1300,1.2965779,1.5405996,1,1.224363901,0.449232826,0.143298396,0.184068971
422,alpha_2.5_temp_10.0,2.5,10,42,1400,1.2762693,1.5232763,1,1.232681298,0.451013486,0.143144487,0.192136759
423,alpha_2.5_temp_10.0,2.5,10,42,1500,1.261446,1.516497,1,1.244353231,0.453993692,0.147471391,0.2044624
424,alpha_2.5_temp_10.0,2.5,10,42,1600,1.2440122,1.5135764,1,1.241732908,0.454196106,0.142161998,0.189345227
425,alpha_2.5_temp_10.0,2.5,10,42,1700,1.2305228,1.5079509,1,1.227987843,0.453975546,0.140484939,0.181231142
426,alpha_2.5_temp_10.0,2.5,10,42,1800,1.2148881,1.5004392,1,1.247586558,0.456016241,0.146936784,0.193429717
427,alpha_2.5_temp_10.0,2.5,10,42,1900,1.2024534,1.5079737,1,1.225979253,0.455158083,0.135571191,0.17375856
428,alpha_2.5_temp_10.0,2.5,10,42,2000,1.1897069,1.4993018,1,1.225075106,0.456844655,0.139435728,0.183415665
429,alpha_2.5_temp_10.0,2.5,10,42,2100,1.1750649,1.4931934,1,1.247844527,0.457329256,0.146327938,0.195143654
430,alpha_2.5_temp_10.0,2.5,10,42,2200,1.1670779,1.4918588,1,1.235071439,0.459006936,0.148029152,0.19053266
431,alpha_2.5_temp_10.0,2.5,10,42,2300,1.1530857,1.496392,1,1.25930218,0.459219348,0.143173315,0.186550402
432,alpha_2.5_temp_10.0,2.5,10,42,2400,1.1413898,1.5003532,1,1.240089694,0.459625588,0.142356047,0.17939771
433,alpha_2.5_temp_10.0,2.5,10,42,2500,1.1326699,1.4982408,1,1.268528787,0.459596971,0.148392837,0.192307297
434,alpha_2.5_temp_10.0,2.5,10,42,2600,1.122253,1.4974968,1,1.248953082,0.460367871,0.143926205,0.178770736
435,alpha_2.5_temp_10.0,2.5,10,42,2700,1.1092196,1.505297,1,1.245789045,0.461720254,0.142077242,0.183482849
436,alpha_2.5_temp_10.0,2.5,10,42,2800,1.1009176,1.502416,1,1.245063112,0.462314414,0.143829344,0.185187492
437,alpha_2.5_temp_10.0,2.5,10,42,2900,1.0896033,1.5037124,1,1.262444565,0.461058326,0.142454176,0.178320973
438,alpha_2.5_temp_10.0,2.5,10,42,3000,1.0780964,1.5092635,1,1.254486544,0.462986074,0.147023653,0.184951353
439,alpha_2.5_temp_10.0,2.5,10,42,3100,1.0664351,1.5101036,1,1.25815287,0.461717996,0.144437949,0.173143444
440,alpha_2.5_temp_10.0,2.5,10,42,3200,1.0571252,1.5090324,1,1.244621744,0.464288636,0.143265805,0.176885376
441,alpha_2.5_temp_10.0,2.5,10,42,3300,1.0477006,1.5208113,1,1.252231883,0.463259786,0.147286976,0.182377789
442,alpha_2.5_temp_10.0,2.5,10,42,3400,1.0372324,1.5258745,1,1.249070256,0.463382074,0.143223535,0.173180201
443,alpha_2.5_temp_10.0,2.5,10,42,3500,1.0263592,1.5289218,1,1.249152631,0.463005928,0.144188902,0.173354895
444,alpha_2.5_temp_10.0,2.5,10,42,3600,1.0162255,1.5349243,1,1.231483964,0.461254569,0.138699651,0.161817742
445,alpha_2.5_temp_10.0,2.5,10,42,3700,1.0053095,1.532656,1,1.25078834,0.463431952,0.143407673,0.168666946
446,alpha_2.5_temp_10.0,2.5,10,42,3800,0.9961457,1.5491922,1,1.24232194,0.462783588,0.139091129,0.158776792
447,alpha_2.5_temp_10.0,2.5,10,42,3900,0.98579055,1.5487007,1,1.256014396,0.463807686,0.141142545,0.172857418
448,alpha_2.5_temp_10.0,2.5,10,42,4000,0.9769657,1.5639981,1,1.240456047,0.464308669,0.139022753,0.158280252
449,alpha_2.5_temp_10.0,2.5,10,42,4100,0.9663208,1.5673037,1,1.244191575,0.462728316,0.141787754,0.167155498
450,alpha_2.5_temp_10.0,2.5,10,42,4200,0.95674646,1.5772274,1,1.258282815,0.462497614,0.143596395,0.161462706
451,alpha_2.5_temp_10.0,2.5,10,42,4300,0.9463337,1.5849278,1,1.25853949,0.462157326,0.141425915,0.157810514
452,alpha_2.5_temp_10.0,2.5,10,42,4400,0.935148,1.5909233,1,1.243651093,0.461242108,0.139375573,0.150924485
453,alpha_2.5_temp_10.0,2.5,10,42,4500,0.9235691,1.5999116,1,1.254700992,0.463094895,0.145162046,0.169048109
454,alpha_2.5_temp_10.0,2.5,10,42,4600,0.91446024,1.6012439,1,1.249069776,0.461543767,0.143674246,0.158545875
455,alpha_2.5_temp_10.0,2.5,10,42,4700,0.9033463,1.6057355,1,1.256254752,0.461511034,0.144871884,0.159240914
456,alpha_2.5_temp_10.0,2.5,10,42,4800,0.89416265,1.6039197,1,1.254838705,0.462920637,0.141712949,0.164674351
457,alpha_2.5_temp_10.0,2.5,10,42,4900,0.88299954,1.6208366,1,1.243049619,0.461990087,0.140568305,0.153179444
458,alpha_2.5_temp_10.0,2.5,10,42,4999,0.8745614,1.6326228,1,1.242009331,0.462913115,0.141194392,0.161917905
204,alpha_2.5_temp_10.0,2.5,10,43,0,4.3508854,4.351149,1,1.150755264,0.302897927,0.102299041,0.188042682
205,alpha_2.5_temp_10.0,2.5,10,43,100,2.4375243,2.4541306,1,1.342866254,0.36197718,0.20727121,0.25036755
206,alpha_2.5_temp_10.0,2.5,10,43,200,2.1999056,2.2294867,1,1.374849827,0.369609742,0.202750768,0.270444602
207,alpha_2.5_temp_10.0,2.5,10,43,300,1.9576397,2.0480328,1,1.333598096,0.389194072,0.197038643,0.258958783
208,alpha_2.5_temp_10.0,2.5,10,43,400,1.7581543,1.9056106,1,1.345527706,0.406228833,0.190863053,0.258960076
209,alpha_2.5_temp_10.0,2.5,10,43,500,1.633545,1.8043721,1,1.336517666,0.418643648,0.185275926,0.24523066
210,alpha_2.5_temp_10.0,2.5,10,43,600,1.5489738,1.7306861,1,1.344852175,0.427957458,0.184486284,0.243822373
211,alpha_2.5_temp_10.0,2.5,10,43,700,1.481367,1.6699611,1,1.346921062,0.432638723,0.187243242,0.240175774
212,alpha_2.5_temp_10.0,2.5,10,43,800,1.4347525,1.6368157,1,1.316678194,0.435847766,0.172988223,0.217894331
213,alpha_2.5_temp_10.0,2.5,10,43,900,1.3976446,1.5977592,1,1.315373035,0.440415629,0.17616228,0.212695697
214,alpha_2.5_temp_10.0,2.5,10,43,1000,1.3606087,1.5723504,1,1.315877467,0.441810395,0.17403452,0.209246281
215,alpha_2.5_temp_10.0,2.5,10,43,1100,1.3343835,1.5527864,1,1.289048413,0.444890157,0.166405699,0.199064768
216,alpha_2.5_temp_10.0,2.5,10,43,1200,1.3130689,1.5415859,1,1.285272687,0.447589371,0.169716164,0.21050538
217,alpha_2.5_temp_10.0,2.5,10,43,1300,1.2924824,1.5296193,1,1.287282998,0.449703303,0.168486024,0.213472214
218,alpha_2.5_temp_10.0,2.5,10,43,1400,1.2738675,1.5182858,1,1.311350928,0.450886756,0.171076287,0.212328815
219,alpha_2.5_temp_10.0,2.5,10,43,1500,1.2530826,1.5134099,1,1.284138545,0.452350397,0.168929088,0.209750454
220,alpha_2.5_temp_10.0,2.5,10,43,1600,1.2429795,1.5084653,1,1.310398416,0.45392921,0.173660005,0.214225097
221,alpha_2.5_temp_10.0,2.5,10,43,1700,1.2257683,1.4994788,1,1.294553884,0.454428044,0.167730114,0.206330385
222,alpha_2.5_temp_10.0,2.5,10,43,1800,1.212634,1.4959149,1,1.303172458,0.453986088,0.168595285,0.198318113
223,alpha_2.5_temp_10.0,2.5,10,43,1900,1.1989866,1.4889396,1,1.288000211,0.45525066,0.165138645,0.204886111
224,alpha_2.5_temp_10.0,2.5,10,43,2000,1.1873375,1.4969766,1,1.28768536,0.45650393,0.165925067,0.19778903
225,alpha_2.5_temp_10.0,2.5,10,43,2100,1.1757293,1.4937146,1,1.300690457,0.456591577,0.168450822,0.20040568
226,alpha_2.5_temp_10.0,2.5,10,43,2200,1.1640844,1.4963034,1,1.284020452,0.457889282,0.166642714,0.202281116
227,alpha_2.5_temp_10.0,2.5,10,43,2300,1.1525866,1.4886323,1,1.299823151,0.459412015,0.169438627,0.209937419
228,alpha_2.5_temp_10.0,2.5,10,43,2400,1.1412961,1.4816419,1,1.298292535,0.456928028,0.175673575,0.1980598
229,alpha_2.5_temp_10.0,2.5,10,43,2500,1.130542,1.4960079,1,1.262285318,0.459525371,0.157995796,0.182452388
230,alpha_2.5_temp_10.0,2.5,10,43,2600,1.1197529,1.4956965,1,1.284940652,0.460901652,0.161893021,0.191622052
231,alpha_2.5_temp_10.0,2.5,10,43,2700,1.1088772,1.4957151,1,1.285448933,0.4590388,0.168392331,0.193794376
232,alpha_2.5_temp_10.0,2.5,10,43,2800,1.0988168,1.4991567,1,1.28925238,0.463166028,0.169633968,0.201368199
233,alpha_2.5_temp_10.0,2.5,10,43,2900,1.0902915,1.5048863,1,1.282709593,0.461773898,0.164757817,0.19642547
234,alpha_2.5_temp_10.0,2.5,10,43,3000,1.0775566,1.5016997,1,1.275919354,0.462219225,0.162574593,0.193778964
235,alpha_2.5_temp_10.0,2.5,10,43,3100,1.0661365,1.5088073,1,1.261410531,0.46157501,0.156780673,0.186166491
236,alpha_2.5_temp_10.0,2.5,10,43,3200,1.0558072,1.5243719,1,1.267019798,0.463037421,0.158806921,0.190175621
237,alpha_2.5_temp_10.0,2.5,10,43,3300,1.0473917,1.5172677,1,1.267254164,0.46232316,0.162337643,0.188382665
238,alpha_2.5_temp_10.0,2.5,10,43,3400,1.0383482,1.516457,1,1.272312122,0.462708267,0.162936838,0.190560179
239,alpha_2.5_temp_10.0,2.5,10,43,3500,1.0287416,1.5289834,1,1.264039608,0.463080507,0.159553045,0.187022581
240,alpha_2.5_temp_10.0,2.5,10,43,3600,1.0155478,1.5302413,1,1.237838536,0.463132349,0.154623969,0.181277396
241,alpha_2.5_temp_10.0,2.5,10,43,3700,1.0061222,1.5469002,1,1.265971308,0.462927998,0.159197835,0.189603902
242,alpha_2.5_temp_10.0,2.5,10,43,3800,0.9928462,1.5423836,1,1.263012008,0.462614562,0.159823984,0.185740246
243,alpha_2.5_temp_10.0,2.5,10,43,3900,0.98530495,1.5500966,1,1.257982647,0.463722549,0.157468527,0.191328101
244,alpha_2.5_temp_10.0,2.5,10,43,4000,0.97532004,1.5480496,1,1.27413541,0.462555346,0.161254595,0.18144868
245,alpha_2.5_temp_10.0,2.5,10,43,4100,0.9638418,1.5565569,1,1.274003924,0.463840222,0.157976193,0.18285259
246,alpha_2.5_temp_10.0,2.5,10,43,4200,0.9544292,1.559099,1,1.254385518,0.464035067,0.159598276,0.190730583
247,alpha_2.5_temp_10.0,2.5,10,43,4300,0.9451693,1.5652175,1,1.264888577,0.464209919,0.157869575,0.183232666
248,alpha_2.5_temp_10.0,2.5,10,43,4400,0.9329116,1.5692085,1,1.251947032,0.463989045,0.15359852,0.179469523
249,alpha_2.5_temp_10.0,2.5,10,43,4500,0.92527664,1.5846581,1,1.263275483,0.463170618,0.159533773,0.184775971
250,alpha_2.5_temp_10.0,2.5,10,43,4600,0.9119932,1.5925223,1,1.238269511,0.464972614,0.150081069,0.176942434
251,alpha_2.5_temp_10.0,2.5,10,43,4700,0.90472007,1.5978523,1,1.24516428,0.463356082,0.154134695,0.176248687
252,alpha_2.5_temp_10.0,2.5,10,43,4800,0.89299047,1.6069226,1,1.236485815,0.464575625,0.150543469,0.183017587
253,alpha_2.5_temp_10.0,2.5,10,43,4900,0.8839894,1.605622,1,1.253972094,0.463216276,0.158586145,0.182518551
254,alpha_2.5_temp_10.0,2.5,10,43,4999,0.8752587,1.6298178,1,1.251678808,0.463862077,0.15486192,0.17456133
255,alpha_2.5_temp_10.0,2.5,10,44,0,4.2888145,4.288714,1,1.163737423,0.298100071,0.100258097,0.178062595
256,alpha_2.5_temp_10.0,2.5,10,44,100,2.437749,2.4526243,1,1.322294047,0.366447893,0.186103523,0.248351771
257,alpha_2.5_temp_10.0,2.5,10,44,200,2.1954558,2.2311108,1,1.301503723,0.366196168,0.188166406,0.230902211
258,alpha_2.5_temp_10.0,2.5,10,44,300,1.9594251,2.044203,1,1.293686958,0.380988734,0.204723992,0.234254552
259,alpha_2.5_temp_10.0,2.5,10,44,400,1.7715545,1.9086019,1,1.275846691,0.394453909,0.200762052,0.235004548
260,alpha_2.5_temp_10.0,2.5,10,44,500,1.6486806,1.8113422,1,1.267680188,0.404212012,0.186915842,0.219759302
261,alpha_2.5_temp_10.0,2.5,10,44,600,1.5571024,1.7416433,1,1.26474085,0.41003359,0.193178125,0.210043014
262,alpha_2.5_temp_10.0,2.5,10,44,700,1.494851,1.6866353,1,1.259974725,0.416146349,0.190149334,0.203342519
263,alpha_2.5_temp_10.0,2.5,10,44,800,1.4426048,1.6406839,1,1.28592419,0.420522126,0.192317184,0.205108342
264,alpha_2.5_temp_10.0,2.5,10,44,900,1.402926,1.6061263,1,1.270363427,0.42349659,0.188130958,0.194987219
265,alpha_2.5_temp_10.0,2.5,10,44,1000,1.3729365,1.5800391,1,1.278726861,0.425089029,0.191605548,0.189494254
266,alpha_2.5_temp_10.0,2.5,10,44,1100,1.3482771,1.5646402,1,1.261081721,0.427216477,0.188350132,0.178473038
267,alpha_2.5_temp_10.0,2.5,10,44,1200,1.3221065,1.5514711,1,1.269587658,0.429122208,0.18989248,0.18104923
268,alpha_2.5_temp_10.0,2.5,10,44,1300,1.304739,1.5390171,1,1.279686479,0.430745459,0.188110966,0.190879902
269,alpha_2.5_temp_10.0,2.5,10,44,1400,1.2848977,1.5248291,1,1.268821187,0.430788792,0.190565458,0.176876162
270,alpha_2.5_temp_10.0,2.5,10,44,1500,1.2676516,1.519713,1,1.264327846,0.431799198,0.181399166,0.166434466
271,alpha_2.5_temp_10.0,2.5,10,44,1600,1.2520156,1.5171164,1,1.291176637,0.433330637,0.19613042,0.184467319
272,alpha_2.5_temp_10.0,2.5,10,44,1700,1.2391318,1.5099117,1,1.282149945,0.434923586,0.187049041,0.17465468
273,alpha_2.5_temp_10.0,2.5,10,44,1800,1.2210256,1.5031025,1,1.284591062,0.434448808,0.190537486,0.171056327
274,alpha_2.5_temp_10.0,2.5,10,44,1900,1.2120874,1.5000478,1,1.295025403,0.436869978,0.188081111,0.177532444
275,alpha_2.5_temp_10.0,2.5,10,44,2000,1.2004322,1.5022992,1,1.273615102,0.438353594,0.186661423,0.165856209
276,alpha_2.5_temp_10.0,2.5,10,44,2100,1.1855042,1.4924806,1,1.271128583,0.437865852,0.18586814,0.162656594
277,alpha_2.5_temp_10.0,2.5,10,44,2200,1.1758755,1.484976,1,1.28610102,0.437060427,0.190363295,0.167839984
278,alpha_2.5_temp_10.0,2.5,10,44,2300,1.1663845,1.4899075,1,1.277633832,0.438415649,0.181255529,0.155288037
279,alpha_2.5_temp_10.0,2.5,10,44,2400,1.1534135,1.4948913,1,1.286687936,0.440366708,0.185315076,0.154568455
280,alpha_2.5_temp_10.0,2.5,10,44,2500,1.1424125,1.491644,1,1.279354559,0.439678587,0.186751472,0.168466333
281,alpha_2.5_temp_10.0,2.5,10,44,2600,1.1297021,1.501924,1,1.281979316,0.43921145,0.186623204,0.15985583
282,alpha_2.5_temp_10.0,2.5,10,44,2700,1.1228176,1.4949732,1,1.277448206,0.440161941,0.187395212,0.161743862
283,alpha_2.5_temp_10.0,2.5,10,44,2800,1.1113752,1.4952141,1,1.279590567,0.441540043,0.189587599,0.167378027
284,alpha_2.5_temp_10.0,2.5,10,44,2900,1.098845,1.4861974,1,1.286801319,0.440354075,0.188908423,0.164178112
285,alpha_2.5_temp_10.0,2.5,10,44,3000,1.0924853,1.4990928,1,1.269062873,0.441727533,0.183163883,0.154329821
286,alpha_2.5_temp_10.0,2.5,10,44,3100,1.0819973,1.5017564,1,1.282070815,0.440943985,0.18721972,0.160715841
287,alpha_2.5_temp_10.0,2.5,10,44,3200,1.0713762,1.5044559,1,1.283073395,0.442591924,0.186231527,0.158929231
288,alpha_2.5_temp_10.0,2.5,10,44,3300,1.0609819,1.5050775,1,1.281149054,0.442961207,0.188030781,0.158615472
289,alpha_2.5_temp_10.0,2.5,10,44,3400,1.049227,1.5104461,1,1.282387734,0.443348316,0.18941583,0.163431931
290,alpha_2.5_temp_10.0,2.5,10,44,3500,1.0429934,1.5149792,1,1.28017584,0.443208257,0.183267218,0.160290885
291,alpha_2.5_temp_10.0,2.5,10,44,3600,1.0302036,1.5265349,1,1.289314325,0.442748127,0.189833891,0.163178228
292,alpha_2.5_temp_10.0,2.5,10,44,3700,1.0234132,1.5290481,1,1.276050953,0.444621374,0.181791154,0.153877061
293,alpha_2.5_temp_10.0,2.5,10,44,3800,1.0094693,1.5373414,1,1.284662944,0.445108141,0.184333454,0.158496151
294,alpha_2.5_temp_10.0,2.5,10,44,3900,1.0010779,1.5406421,1,1.274277925,0.444621952,0.183295122,0.155030241
295,alpha_2.5_temp_10.0,2.5,10,44,4000,0.9904974,1.5434674,1,1.269185304,0.445425535,0.181804211,0.150668042
296,alpha_2.5_temp_10.0,2.5,10,44,4100,0.9814792,1.541947,1,1.264921926,0.446026919,0.17858785,0.151804095
297,alpha_2.5_temp_10.0,2.5,10,44,4200,0.97396946,1.5545123,1,1.266867526,0.445062759,0.182199107,0.149244856
298,alpha_2.5_temp_10.0,2.5,10,44,4300,0.96322733,1.5507419,1,1.298609583,0.443985767,0.188140176,0.160680413
299,alpha_2.5_temp_10.0,2.5,10,44,4400,0.94991,1.5627663,1,1.280377543,0.443594157,0.185505709,0.151259707
300,alpha_2.5_temp_10.0,2.5,10,44,4500,0.9411663,1.5787349,1,1.279538612,0.445152139,0.182773995,0.148463427
301,alpha_2.5_temp_10.0,2.5,10,44,4600,0.93040043,1.5832834,1,1.270094414,0.444393016,0.184796391,0.156430327
302,alpha_2.5_temp_10.0,2.5,10,44,4700,0.92090476,1.590108,1,1.282419409,0.445479236,0.187424824,0.150097313
303,alpha_2.5_temp_10.0,2.5,10,44,4800,0.9108821,1.5938185,1,1.275038436,0.44417249,0.181494392,0.147677045
304,alpha_2.5_temp_10.0,2.5,10,44,4900,0.90064794,1.599911,1,1.265444135,0.445598772,0.181733768,0.15120512
305,alpha_2.5_temp_10.0,2.5,10,44,4999,0.892238,1.6130711,1,1.270977822,0.444464904,0.17952151,0.139332929
0,alpha_2.5_temp_10.0,2.5,10,45,0,4.343819,4.338748,1,1.151329012,0.298190922,0.104226851,0.185540587
1,alpha_2.5_temp_10.0,2.5,10,45,100,2.434909,2.450206,1,1.365830533,0.367938312,0.231523826,0.304442831
2,alpha_2.5_temp_10.0,2.5,10,45,200,2.1900165,2.225374,1,1.342385597,0.373018132,0.236001372,0.308106412
3,alpha_2.5_temp_10.0,2.5,10,45,300,1.9602385,2.0471275,1,1.329846314,0.389924304,0.222574094,0.271558127
4,alpha_2.5_temp_10.0,2.5,10,45,400,1.7643845,1.9087205,1,1.335486514,0.411333939,0.215783036,0.262834962
5,alpha_2.5_temp_10.0,2.5,10,45,500,1.6350603,1.8118804,1,1.323238322,0.421926623,0.222795788,0.256990247
6,alpha_2.5_temp_10.0,2.5,10,45,600,1.5486472,1.7261425,1,1.332974002,0.428826394,0.216253984,0.236976523
7,alpha_2.5_temp_10.0,2.5,10,45,700,1.4855871,1.6771734,1,1.342851039,0.435009238,0.220830589,0.250568677
8,alpha_2.5_temp_10.0,2.5,10,45,800,1.4397795,1.6364694,1,1.333261114,0.440406939,0.21507184,0.238721286
9,alpha_2.5_temp_10.0,2.5,10,45,900,1.3999035,1.603645,1,1.343521503,0.44330008,0.215329882,0.239568698
10,alpha_2.5_temp_10.0,2.5,10,45,1000,1.3664403,1.5786058,1,1.320758151,0.445533133,0.209639002,0.232856174
11,alpha_2.5_temp_10.0,2.5,10,45,1100,1.3430442,1.5563313,1,1.322484633,0.448519406,0.212606594,0.234733799
12,alpha_2.5_temp_10.0,2.5,10,45,1200,1.3181376,1.5436289,1,1.348656063,0.448718588,0.216758002,0.235368882
13,alpha_2.5_temp_10.0,2.5,10,45,1300,1.299688,1.5311667,1,1.337389515,0.449709093,0.209510103,0.22397594
14,alpha_2.5_temp_10.0,2.5,10,45,1400,1.2781123,1.522854,1,1.334074223,0.452603018,0.209212176,0.230819811
15,alpha_2.5_temp_10.0,2.5,10,45,1500,1.2642639,1.5136076,1,1.354012079,0.453147372,0.215680016,0.235983322
16,alpha_2.5_temp_10.0,2.5,10,45,1600,1.2469862,1.5093696,1,1.341379567,0.455428128,0.212866462,0.228166947
17,alpha_2.5_temp_10.0,2.5,10,45,1700,1.2327119,1.5072536,1,1.332640903,0.457149992,0.207737506,0.226607962
18,alpha_2.5_temp_10.0,2.5,10,45,1800,1.2193685,1.4995943,1,1.348487742,0.457410076,0.215797447,0.230797269
19,alpha_2.5_temp_10.0,2.5,10,45,1900,1.2083877,1.49647,1,1.336020296,0.457332614,0.210505628,0.228113046
20,alpha_2.5_temp_10.0,2.5,10,45,2000,1.1958714,1.4946513,1,1.359930338,0.45858388,0.213831771,0.232153424
21,alpha_2.5_temp_10.0,2.5,10,45,2100,1.1826142,1.4964875,1,1.35362061,0.458425538,0.215804243,0.227689029
22,alpha_2.5_temp_10.0,2.5,10,45,2200,1.1714827,1.4953516,1,1.342642671,0.460222316,0.210359085,0.222019309
23,alpha_2.5_temp_10.0,2.5,10,45,2300,1.1604047,1.4839209,1,1.34212883,0.459382918,0.211667938,0.229294029
24,alpha_2.5_temp_10.0,2.5,10,45,2400,1.1486655,1.4858879,1,1.342768101,0.460514041,0.207787055,0.218429267
25,alpha_2.5_temp_10.0,2.5,10,45,2500,1.1392297,1.4914345,1,1.343823621,0.461619989,0.205816015,0.217505978
26,alpha_2.5_temp_10.0,2.5,10,45,2600,1.1283706,1.4920195,1,1.35694426,0.460561903,0.218563319,0.227875559
27,alpha_2.5_temp_10.0,2.5,10,45,2700,1.1164284,1.4931597,1,1.335048902,0.462381254,0.207527526,0.211341007
28,alpha_2.5_temp_10.0,2.5,10,45,2800,1.107239,1.4871987,1,1.341844588,0.46360662,0.20565756,0.2128349
29,alpha_2.5_temp_10.0,2.5,10,45,2900,1.0977787,1.4940162,1,1.350724713,0.463438491,0.210814274,0.224584424
30,alpha_2.5_temp_10.0,2.5,10,45,3000,1.0888274,1.4902793,1,1.339977473,0.462037754,0.210958947,0.215761843
31,alpha_2.5_temp_10.0,2.5,10,45,3100,1.0749788,1.4957299,1,1.330840888,0.462633876,0.205289304,0.205992212
32,alpha_2.5_temp_10.0,2.5,10,45,3200,1.0652598,1.5045593,1,1.33698209,0.461189486,0.209677351,0.214799973
33,alpha_2.5_temp_10.0,2.5,10,45,3300,1.0565879,1.5042386,1,1.338578739,0.463387014,0.210446949,0.214606084
34,alpha_2.5_temp_10.0,2.5,10,45,3400,1.0464051,1.5080059,1,1.328239763,0.464835097,0.204101604,0.20585789
35,alpha_2.5_temp_10.0,2.5,10,45,3500,1.0350386,1.510574,1,1.342371804,0.46449635,0.208313529,0.209831342
36,alpha_2.5_temp_10.0,2.5,10,45,3600,1.0264958,1.5190777,1,1.321502666,0.465657148,0.20415559,0.20711964
37,alpha_2.5_temp_10.0,2.5,10,45,3700,1.0146996,1.5196787,1,1.334043977,0.465198352,0.206839932,0.209713497
38,alpha_2.5_temp_10.0,2.5,10,45,3800,1.0072018,1.529878,1,1.319831357,0.465549308,0.203925074,0.207317365
39,alpha_2.5_temp_10.0,2.5,10,45,3900,0.99625075,1.5370336,1,1.327777901,0.464824409,0.206422081,0.204203303
40,alpha_2.5_temp_10.0,2.5,10,45,4000,0.9848241,1.5375515,1,1.319413428,0.46480041,0.201782039,0.196427966
41,alpha_2.5_temp_10.0,2.5,10,45,4100,0.9764365,1.5441706,1,1.332775317,0.466279442,0.206550515,0.210190174
42,alpha_2.5_temp_10.0,2.5,10,45,4200,0.9674201,1.5475049,1,1.33060139,0.466376126,0.206499192,0.208134636
43,alpha_2.5_temp_10.0,2.5,10,45,4300,0.9568746,1.5600028,1,1.332818211,0.466178368,0.204178175,0.201832866
44,alpha_2.5_temp_10.0,2.5,10,45,4400,0.9465295,1.5644886,1,1.334244433,0.466469796,0.208174332,0.199703494
45,alpha_2.5_temp_10.0,2.5,10,45,4500,0.93844754,1.5752001,1,1.330017771,0.466115378,0.203237076,0.200468767
46,alpha_2.5_temp_10.0,2.5,10,45,4600,0.92508996,1.5821996,1,1.317888764,0.467339618,0.202490347,0.198672944
47,alpha_2.5_temp_10.0,2.5,10,45,4700,0.914879,1.5864441,1,1.332481507,0.466674254,0.207229169,0.201743425
48,alpha_2.5_temp_10.0,2.5,10,45,4800,0.90347034,1.5900934,1,1.32301241,0.466076977,0.204275118,0.200254593
49,alpha_2.5_temp_10.0,2.5,10,45,4900,0.9021273,1.5963185,1,1.34274672,0.466408289,0.208662305,0.207230204
50,alpha_2.5_temp_10.0,2.5,10,45,4999,0.8864703,1.602595,1,1.32233893,0.467097799,0.202517488,0.196453332
51,alpha_2.5_temp_10.0,2.5,10,46,0,4.3999553,4.4000807,1,1.131079322,0.297740036,0.098440256,0.171233614
52,alpha_2.5_temp_10.0,2.5,10,46,100,2.4376621,2.4526684,1,1.318241846,0.359611069,0.204602309,0.246549312
53,alpha_2.5_temp_10.0,2.5,10,46,200,2.1946695,2.2249732,1,1.313734242,0.365095523,0.188844125,0.225398971
54,alpha_2.5_temp_10.0,2.5,10,46,300,1.935682,2.027192,1,1.301999002,0.384200094,0.178357493,0.228539934
55,alpha_2.5_temp_10.0,2.5,10,46,400,1.7460952,1.8843435,1,1.306582191,0.402396993,0.172684118,0.206007363
56,alpha_2.5_temp_10.0,2.5,10,46,500,1.6192505,1.7818483,1,1.305716274,0.414350939,0.174250059,0.210405633
57,alpha_2.5_temp_10.0,2.5,10,46,600,1.5371867,1.7070596,1,1.343264078,0.422967148,0.191709672,0.218230822
58,alpha_2.5_temp_10.0,2.5,10,46,700,1.4748247,1.6545593,1,1.315680546,0.427705918,0.181404165,0.195286709
59,alpha_2.5_temp_10.0,2.5,10,46,800,1.4284782,1.6145866,1,1.294202723,0.432431579,0.176839157,0.192273065
60,alpha_2.5_temp_10.0,2.5,10,46,900,1.3904914,1.5924397,1,1.285025795,0.436069981,0.173183533,0.181886106
61,alpha_2.5_temp_10.0,2.5,10,46,1000,1.3598514,1.5661864,1,1.306069973,0.438182529,0.182856623,0.198696402
62,alpha_2.5_temp_10.0,2.5,10,46,1100,1.3362844,1.5550735,1,1.313519279,0.440957709,0.180149741,0.188347045
63,alpha_2.5_temp_10.0,2.5,10,46,1200,1.3128645,1.5362781,1,1.287311071,0.442316692,0.17324349,0.182194189
64,alpha_2.5_temp_10.0,2.5,10,46,1300,1.2918937,1.5173259,1,1.30549857,0.442664961,0.179664668,0.182343756
65,alpha_2.5_temp_10.0,2.5,10,46,1400,1.2745122,1.5166698,1,1.317014932,0.444367968,0.180858375,0.191367765
66,alpha_2.5_temp_10.0,2.5,10,46,1500,1.2610914,1.5108602,1,1.314890152,0.448343211,0.181701692,0.185057418
67,alpha_2.5_temp_10.0,2.5,10,46,1600,1.2429862,1.5066321,1,1.315531134,0.446527193,0.181301803,0.185623463
68,alpha_2.5_temp_10.0,2.5,10,46,1700,1.2271792,1.4945793,1,1.305631026,0.449880738,0.181986379,0.187823581
69,alpha_2.5_temp_10.0,2.5,10,46,1800,1.2162286,1.496777,1,1.313983913,0.448588396,0.182874906,0.183463136
70,alpha_2.5_temp_10.0,2.5,10,46,1900,1.2020471,1.4908369,1,1.3167546,0.450245314,0.184210197,0.183740393
71,alpha_2.5_temp_10.0,2.5,10,46,2000,1.1896096,1.4900489,1,1.315077155,0.452587167,0.181158168,0.192181906
72,alpha_2.5_temp_10.0,2.5,10,46,2100,1.1755455,1.4873443,1,1.321452575,0.451636205,0.184852523,0.181755665
73,alpha_2.5_temp_10.0,2.5,10,46,2200,1.166616,1.4903694,1,1.316555032,0.452238831,0.185361966,0.178417757
74,alpha_2.5_temp_10.0,2.5,10,46,2300,1.1519074,1.4964532,1,1.319671693,0.451995592,0.181564429,0.174995479
75,alpha_2.5_temp_10.0,2.5,10,46,2400,1.1418444,1.4940321,1,1.302351861,0.45320827,0.173790774,0.168731579
76,alpha_2.5_temp_10.0,2.5,10,46,2500,1.1318727,1.4959708,1,1.30773672,0.453216952,0.177887872,0.173665299
77,alpha_2.5_temp_10.0,2.5,10,46,2600,1.120338,1.5002109,1,1.327320662,0.453823369,0.186506791,0.186005866
78,alpha_2.5_temp_10.0,2.5,10,46,2700,1.1090692,1.4989612,1,1.315383423,0.454569678,0.183117842,0.180463306
79,alpha_2.5_temp_10.0,2.5,10,46,2800,1.0993365,1.500524,1,1.318521508,0.455566438,0.180795876,0.191057542
80,alpha_2.5_temp_10.0,2.5,10,46,2900,1.0869704,1.5115225,1,1.319893047,0.455400483,0.184678636,0.181794107
81,alpha_2.5_temp_10.0,2.5,10,46,3000,1.0770799,1.4995059,1,1.323372517,0.455570281,0.1828975,0.18572361
82,alpha_2.5_temp_10.0,2.5,10,46,3100,1.0680166,1.508701,1,1.31218651,0.455002702,0.181294696,0.178939818
83,alpha_2.5_temp_10.0,2.5,10,46,3200,1.0588316,1.5212249,1,1.297440334,0.456691308,0.175257184,0.177375325
84,alpha_2.5_temp_10.0,2.5,10,46,3300,1.0446248,1.5229326,1,1.323481911,0.456401272,0.181863384,0.182893726
85,alpha_2.5_temp_10.0,2.5,10,46,3400,1.0369834,1.5287476,1,1.319810216,0.455532272,0.185376533,0.183425105
86,alpha_2.5_temp_10.0,2.5,10,46,3500,1.0255389,1.5288557,1,1.330860322,0.455020479,0.183711236,0.181890883
87,alpha_2.5_temp_10.0,2.5,10,46,3600,1.0142306,1.5364871,1,1.32321597,0.458114213,0.182745399,0.179125236
88,alpha_2.5_temp_10.0,2.5,10,46,3700,1.0039823,1.5373207,1,1.320040081,0.457125972,0.184434095,0.183195066
89,alpha_2.5_temp_10.0,2.5,10,46,3800,0.9913941,1.5481604,1,1.326503975,0.456322084,0.17868145,0.18004142
90,alpha_2.5_temp_10.0,2.5,10,46,3900,0.9845652,1.5500379,1,1.325161021,0.457704294,0.186176339,0.190209351
91,alpha_2.5_temp_10.0,2.5,10,46,4000,0.9746702,1.5529519,1,1.326870207,0.458281082,0.180288236,0.187262157
92,alpha_2.5_temp_10.0,2.5,10,46,4100,0.9615232,1.5631945,1,1.328131712,0.457380293,0.18363195,0.187254797
93,alpha_2.5_temp_10.0,2.5,10,46,4200,0.95239085,1.5617236,1,1.323941483,0.456638201,0.186157942,0.181621202
94,alpha_2.5_temp_10.0,2.5,10,46,4300,0.94113904,1.5788127,1,1.32362509,0.457662758,0.181577055,0.183028872
95,alpha_2.5_temp_10.0,2.5,10,46,4400,0.9310608,1.5849963,1,1.335030644,0.457409455,0.18365073,0.189186967
96,alpha_2.5_temp_10.0,2.5,10,46,4500,0.9208677,1.593428,1,1.348920643,0.458180785,0.187459598,0.191503445
97,alpha_2.5_temp_10.0,2.5,10,46,4600,0.90719664,1.5993001,1,1.327437421,0.45800287,0.180639879,0.177490457
98,alpha_2.5_temp_10.0,2.5,10,46,4700,0.90007716,1.6066136,1,1.330185205,0.457957873,0.18641488,0.185556268
99,alpha_2.5_temp_10.0,2.5,10,46,4800,0.8906768,1.6137229,1,1.322846277,0.458633079,0.183822206,0.187771236
100,alpha_2.5_temp_10.0,2.5,10,46,4900,0.87986976,1.6194524,1,1.33457591,0.457176616,0.185955262,0.193165345
101,alpha_2.5_temp_10.0,2.5,10,46,4999,0.86856145,1.6260483,1,1.315277259,0.45781108,0.179016953,0.176353524
